,team,player_id,player,TOI,TOs,PLAYER_ID,GP,TOUCHES,TIME_OF_POSS,TOI_POSS,TOI_10_TOUCHES,TO_POSS,TO_10_TOUCHES
0,ATL,1713,Carter,42.201850270881096,33,1713,60,1285,39.0,1.082098724894387,3.28419068255884,0.8461538461538461,2.5680933852140075
1,ATL,201952,Teague,45.08925332696687,40,201952,59,3219,263.4,0.17118167550101318,1.400722377352186,0.15186028853454822,1.2426219322771046
2,ATL,202323,Turner,32.363967513964916,26,202323,19,510,36.0,0.8989990976101365,6.345875983130375,0.7222222222222222,5.098039215686274
3,ATL,202718,Parsons,3.2236199241288217,3,202718,5,85,2.4,1.3431749683870091,3.792494028386849,1.25,3.5294117647058822
4,ATL,203458,Len,36.70896107768971,39,203458,54,1686,42.7,0.859694638821773,2.1772812027099473,0.9133489461358313,2.3131672597864767
5,ATL,203459,Crabbe,14.244405927466437,12,203459,37,706,16.8,0.8478813052063354,2.0176212361850476,0.7142857142857143,1.69971671388102
6,ATL,203473,Dedmon,8.459178469431482,10,203473,44,1163,30.6,0.2764437408310942,0.7273584238548135,0.32679738562091504,0.8598452278589854
7,ATL,203953,Parker,66.31951962178324,60,203953,38,1855,57.2,1.1594321612199867,3.575176259934407,1.048951048951049,3.234501347708895
8,ATL,1626203,Graham,6.876072036371877,10,1626203,55,1203,36.6,0.18787082066589827,0.5715770603800396,0.27322404371584696,0.8312551953449709
9,ATL,1627745,Jones,31.550078952118998,28,1627745,55,1080,25.9,1.218149766491081,2.921303606677685,1.0810810810810811,2.5925925925925926
10,ATL,1627761,Bembry,60.58625358296992,60,1627761,43,1333,75.5,0.8024669348737737,4.545105295046505,0.7947019867549668,4.50112528132033
11,ATL,1627820,Wallace,10.407774034532233,10,1627820,14,233,13.8,0.7541865242414661,4.4668558088121175,0.7246376811594203,4.291845493562231
12,ATL,1628381,Collins,84.97989067727151,75,1628381,41,2769,72.2,1.1770067960840929,3.0689740222922177,1.038781163434903,2.7085590465872156
13,ATL,1628981,Fernando,45.79641775467477,42,1628981,56,1244,31.6,1.4492537264137586,3.6813840638806083,1.3291139240506329,3.376205787781351
14,ATL,1628989,Huerter,102.34715155822191,87,1628989,56,2435,123.7,0.827381985110929,4.203168441816095,0.7033144704931286,3.572895277207392
15,ATL,1629027,Young,360.96425401995236,289,1629027,60,5219,545.7,0.6614701374747156,6.916348994442467,0.5295950155763239,5.537459283387622
16,ATL,1629164,Goodwin,34.674816000355065,29,1629164,34,958,76.1,0.4556480420546001,3.619500626341865,0.3810775295663601,3.02713987473904
17,ATL,1629629,Reddish,111.10889232792985,96,1629629,58,1792,84.2,1.3195830442747012,6.200273009371085,1.1401425178147269,5.357142857142857
18,ATL,1629631,Hunter,117.9647505651528,103,1629631,63,2378,90.9,1.2977420304197227,4.960670755473204,1.1331133113311331,4.331370899915895
19,ATL,1629718,Brown Jr.,2.3483438361250704,3,1629718,10,53,1.5,1.5655625574167136,4.430837426651077,2.0,5.660377358490567
20,BKN,201163,Chandler,34.941746047505305,34,201163,35,1133,35.2,0.9926632399859461,3.084002298985464,0.9659090909090908,3.000882612533098
21,BKN,201599,Jordan,73.85399561991053,74,201599,56,1956,49.7,1.485995887724558,3.77576664723469,1.488933601609658,3.783231083844581
22,BKN,202066,Temple,66.73170435602647,62,202066,62,2423,108.7,0.6139071237904918,2.754094278003569,0.5703771849126035,2.5588113908378043
23,BKN,202498,Thomas,8.468968869465364,6,202498,7,113,2.6,3.25729571902514,7.49466271634103,2.3076923076923075,5.3097345132743365
24,BKN,202681,Irving,48.754101707893376,52,202681,20,1551,126.9,0.384193078864408,3.14339791798152,0.4097714736012608,3.352675693101225
25,BKN,202697,Shumpert,21.02811196783798,10,202697,13,281,11.6,1.812768273089481,7.483313867558,0.8620689655172414,3.558718861209965
26,BKN,203915,Dinwiddie,206.61583646822385,174,203915,64,4534,434.5,0.47552551546196514,4.557032123251519,0.4004602991944764,3.8376709307454786
27,BKN,203925,Harris,122.15279374006067,104,203925,69,3162,94.7,1.2898922253438296,3.8631497071492937,1.0982048574445618,3.289057558507274
28,BKN,204020,Johnson,8.458702759763163,5,204020,38,1232,70.3,0.12032294110616164,0.6865830162145424,0.07112375533428165,0.4058441558441558
29,BKN,1626147,Anderson,3.0950922262018774,4,1626147,10,147,4.0,0.7737730565504694,2.10550491578359,1.0,2.7210884353741496
30,BKN,1627747,LeVert,120.59444307425377,118,1627747,45,2479,197.5,0.6106047750595128,4.8646407048912375,0.5974683544303797,4.759983864461477
31,BKN,1627752,Prince,139.68912192323094,127,1627752,64,2871,102.4,1.3641515812815521,4.865521488095818,1.240234375,4.423545802856148
32,BKN,1627789,Luwawu-Cabarrot,38.38326331977959,37,1627789,47,1091,37.5,1.0235536885274557,3.5181726232611905,0.9866666666666667,3.3913840513290556
33,BKN,1628021,Nwaba,7.875851050357224,8,1628021,20,215,8.2,0.9604696402874664,3.663186535049872,0.9756097560975611,3.7209302325581395
34,BKN,1628386,Allen,95.40348575163424,77,1628386,70,2781,62.4,1.5289020152505486,3.4305460536366144,1.233974358974359,2.7687882056814095
35,BKN,1629033,Pinson,42.58901311009176,33,1629033,33,805,62.7,0.6792506078164555,5.290560634794008,0.5263157894736842,4.099378881987578
36,BKN,1629058,Musa,43.279865110831494,36,1629058,40,796,36.8,1.1760832910552037,5.437168983772801,0.9782608695652175,4.522613065326634
37,BKN,1629066,Kurucs,48.31104728220484,46,1629066,47,983,27.5,1.7567653557165397,4.914653843561021,1.6727272727272726,4.679552390640895
38,BKN,1629185,Chiozza,27.49644050147157,23,1629185,28,951,72.2,0.38083712605916303,2.891318664718357,0.3185595567867036,2.4185068349106205
39,BKN,1629651,Claxton,11.120695046389402,9,1629651,15,261,7.6,1.463249348209132,4.260802699766055,1.1842105263157896,3.4482758620689653
40,BKN,1629725,Martin,4.279179307341893,4,1629725,9,215,19.2,0.22287392225739028,1.990315956903206,0.20833333333333334,1.8604651162790697
41,BKN,1629743,Hall,2.439411211066102,3,1629743,9,179,5.2,0.469117540589635,1.3627995592548057,0.5769230769230769,1.675977653631285
42,BOS,202330,Hayward,104.15575997946166,96,202330,52,2999,147.3,0.7070995246399298,3.473016338094754,0.6517311608961303,3.2010670223407804
43,BOS,202683,Freedom,62.37282884571436,56,202683,58,1395,42.5,1.4675959728403378,4.4711705265745065,1.3176470588235294,4.014336917562724
44,BOS,202689,Walker,144.10220186047445,117,202689,56,3967,330.6,0.43588082837409087,3.6325233642670645,0.3539019963702359,2.949331988908495
45,BOS,202954,Wanamaker,77.81577073834262,76,202954,71,2747,192.6,0.40402788545349233,2.8327546683051557,0.39460020768431986,2.766654532216964
46,BOS,203935,Smart,118.35802394992972,103,203935,60,3521,211.6,0.5593479392718795,3.36148889377818,0.4867674858223063,2.9253053109911957
47,BOS,1627759,Brown,129.35663887028446,125,1627759,57,2792,123.2,1.0499727181029583,4.633117438047438,1.0146103896103895,4.477077363896848
48,BOS,1628369,Tatum,180.26629541926988,155,1628369,66,4495,225.2,0.8004720045260653,4.010373646702333,0.6882770870337478,3.4482758620689653
49,BOS,1628400,Ojeleye,20.29669802714747,19,1628400,69,1284,34.4,0.5900202914868451,1.580739721740457,0.5523255813953488,1.4797507788161994
50,BOS,1628464,Theis,58.21064666846356,54,1628464,65,2341,59.5,0.9783301961086313,2.4865718354747357,0.907563025210084,2.3067065356685177
51,BOS,1629035,Edwards,17.697938310728123,15,1629035,37,501,23.7,0.7467484519294567,3.5325226169118014,0.6329113924050633,2.9940119760479043
52,BOS,1629057,Williams III,27.718929015835343,21,1629057,29,508,10.5,2.639898001508128,5.456482089731367,2.0,4.133858267716536
53,BOS,1629605,Fall,5.154764829961759,3,1629605,7,42,1.4,3.6819748785441138,12.273249595147046,2.142857142857143,7.142857142857142
54,BOS,1629641,Langford,13.277265823558535,11,1629641,32,309,11.7,1.1348090447485928,4.296849781086904,0.9401709401709403,3.559870550161812
55,BOS,1629682,Waters,21.657564453340765,15,1629682,11,241,20.9,1.0362471030306586,8.986541266946375,0.7177033492822967,6.224066390041494
56,BOS,1629684,Williams,55.91445452826847,50,1629684,69,1315,40.0,1.3978613632067118,4.252049774012812,1.25,3.802281368821293
57,BOS,1629738,Poirier,12.742346456062991,8,1629738,22,183,4.9,2.600478868584284,6.9630308503076455,1.6326530612244896,4.371584699453552
58,BOS,1629750,Green,23.660655526106773,23,1629750,48,594,18.5,1.2789543527625282,3.9832753410954167,1.2432432432432432,3.872053872053872
59,CHA,101107,Williams,26.36413775934727,25,101107,57,1360,29.1,0.9059841154414868,1.9385395411284756,0.8591065292096219,1.8382352941176472
60,CHA,201587,Batum,25.09650619165201,22,201587,21,671,23.1,1.0864288394654549,3.7401648571761563,0.9523809523809523,3.278688524590164
61,CHA,202687,Biyombo,47.211008767621706,48,202687,52,1731,41.6,1.1348800184524448,2.727383522104085,1.1538461538461537,2.772963604852686
62,CHA,203077,Kidd-Gilchrist,7.648929529692908,7,203077,24,356,10.9,0.7017366541002668,2.1485757105878958,0.6422018348623852,1.9662921348314606
63,CHA,203469,Zeller,92.3166302478356,75,203469,57,2721,74.0,1.2475220303761567,3.3927464258667994,1.0135135135135136,2.7563395810363835
64,CHA,1626179,Rozier,155.42658992125627,141,1626179,62,4335,304.2,0.5109355355728346,3.585388464158161,0.4635108481262328,3.2525951557093427
65,CHA,1626195,Hernangomez,38.57256897522582,30,1626195,30,804,21.2,1.8194608007181992,4.797583205873858,1.4150943396226416,3.731343283582089
66,CHA,1628370,Monk,98.50103304500918,77,1628370,54,1724,79.0,1.2468485195570782,5.71351699797037,0.9746835443037974,4.466357308584687
67,CHA,1628407,Bacon,43.88054391771732,37,1628407,39,1021,43.1,1.0181100676964574,4.297800579600129,0.8584686774941995,3.623898139079334
68,CHA,1628970,Bridges,107.42465159040754,95,1628970,64,2632,89.7,1.1975992373512545,4.0814837230398,1.0590858416945372,3.609422492401216
69,CHA,1628984,Graham,179.2376408679033,181,1628984,62,5615,505.7,0.35443472586099134,3.1921218320196494,0.3579197152461934,3.223508459483526
70,CHA,1628997,Martin,14.001405375284069,15,1628997,18,390,14.4,0.9723198177280603,3.5901039423805305,1.0416666666666667,3.8461538461538463
71,CHA,1628998,Martin,42.77392776811402,44,1628998,48,1289,55.2,0.774889995799167,3.318380742289684,0.7971014492753623,3.4134988363072147
72,CHA,1629023,Washington,101.67177555968617,93,1629023,57,2792,72.6,1.4004376798854845,3.641539239243774,1.2809917355371903,3.330945558739255
73,CHA,1629147,Chealey,1.0823804172692513,2,1629147,4,76,5.2,0.20815008024408677,1.4241847595648043,0.3846153846153846,2.631578947368421
74,CHA,1629667,McDaniels,9.789123792155713,11,1629667,16,400,12.6,0.7769145866790249,2.4472809480389284,0.873015873015873,2.75
75,CHI,201152,Young,113.2837664030949,102,201152,64,2827,88.3,1.2829418618697044,4.007207867106293,1.1551528878822197,3.6080650866643085
76,CHI,203107,Satoransky,165.10448187739388,130,203107,65,4137,285.9,0.5774903178642669,3.9909229363643677,0.45470444211262684,3.1423737007493355
77,CHI,203490,Porter Jr.,11.481637212340214,11,203490,14,443,19.9,0.5769666940874479,2.5917916957878586,0.5527638190954774,2.4830699774266365
78,CHI,203897,LaVine,224.79939656185658,206,203897,60,4052,272.2,0.8258611188899948,5.547862698959936,0.7567964731814842,5.08390918065153
79,CHI,1626245,Felicio,16.42150433969086,18,1626245,22,502,14.5,1.1325175406683352,3.2712160039224822,1.2413793103448276,3.5856573705179287
80,CHI,1627739,Dunn,68.53100130657758,68,1627739,51,2327,133.0,0.5152706865156209,2.945036583866677,0.5112781954887218,2.922217447357112
81,CHI,1627756,Valentine,31.208259154291508,26,1627756,36,744,32.8,0.9514713156796192,4.194658488480042,0.7926829268292683,3.494623655913978
82,CHI,1627853,Arcidiacono,33.776702037967,37,1627853,58,1449,72.7,0.46460387947685006,2.3310353373338164,0.5089408528198074,2.5534851621808143
83,CHI,1627885,Harrison,16.61043247004045,19,1627885,43,782,37.7,0.4405950257305159,2.124096223790339,0.5039787798408488,2.4296675191815855
84,CHI,1628374,Markkanen,88.67132397854068,81,1628374,50,2265,68.8,1.2888273834090216,3.914848740774423,1.177325581395349,3.576158940397351
85,CHI,1628436,Kornet,19.364770834366055,14,1628436,36,765,18.9,1.0245910494373576,2.5313425927275888,0.7407407407407408,1.8300653594771243
86,CHI,1628976,Carter Jr.,76.35343565250378,72,1628976,43,1742,45.7,1.6707535153720738,4.383090450775188,1.575492341356674,4.133180252583238
87,CHI,1628990,Hutchison,27.045110298986238,27,1628990,28,703,27.9,0.9693587920783598,3.8470996157875157,0.967741935483871,3.8406827880512093
88,CHI,1629632,White,118.93149830178866,109,1629632,65,3046,203.0,0.5858694497625058,3.904514061122412,0.5369458128078818,3.578463558765594
89,CHI,1629655,Gafford,27.73573758979808,29,1629655,43,633,16.6,1.6708275656504867,4.381633110552619,1.7469879518072287,4.581358609794629
90,CHI,1629690,Mokoka,2.956123317507067,2,1629690,11,112,2.7,1.0948604879655803,2.6393958192027385,0.7407407407407407,1.7857142857142856
91,CLE,201567,Love,163.11341100533454,140,201567,56,3421,109.9,1.4841984622869384,4.768003829445616,1.2738853503184713,4.092370651856182
92,CLE,202684,Thompson,127.16604459542486,103,202684,57,3048,103.7,1.2262877974486486,4.172114323996879,0.9932497589199614,3.379265091863517
93,CLE,202688,Knight,21.816327923377315,16,202688,25,890,70.0,0.3116618274768188,2.4512728003794737,0.22857142857142856,1.7977528089887642
94,CLE,203083,Drummond,34.955710395956245,29,203083,56,3579,139.2,0.25111860916635237,0.9766893097501046,0.20833333333333334,0.8102822017323273
95,CLE,203089,Henson,25.158265058723565,21,203089,40,931,24.8,1.0144461717227244,2.7022841094225094,0.8467741935483871,2.2556390977443606
96,CLE,203521,Dellavedova,62.01827757699511,59,203521,57,1663,130.1,0.4766969836817457,3.7293011170772763,0.45349730976172176,3.5478051713770298
97,CLE,203903,Clarkson,51.33103811680385,39,203903,71,2646,153.6,0.3341864460729418,1.9399485304914532,0.25390625,1.473922902494331
98,CLE,203957,Exum,20.846625697629282,21,203957,35,674,40.5,0.5147314987068958,3.0929711717550865,0.5185185185185185,3.115727002967359
99,CLE,1626204,Nance Jr.,53.89868241465016,60,1626204,56,2523,86.5,0.6231061550826608,2.136293397330565,0.6936416184971098,2.3781212841854935
100,CLE,1626224,Osman,108.30047196733213,91,1626224,65,2611,115.9,0.9344303017026068,4.147854154244816,0.7851596203623813,3.485254691689008
101,CLE,1627790,Zizic,8.440803464818847,10,1627790,22,303,8.2,1.0293662761974205,2.7857437177619957,1.2195121951219514,3.3003300330033
102,CLE,1628035,McKinnie,33.46002228481593,26,1628035,40,686,20.3,1.648276959843149,4.877554268923605,1.2807881773399015,3.7900874635568513
103,CLE,1629005,Newman,1.0828962238082274,1,1629005,1,9,0.8,1.353620279760284,12.032180264535858,1.25,11.11111111111111
104,CLE,1629012,Sexton,178.52231332655361,158,1629012,65,4062,302.8,0.5895717084760688,4.394936320200729,0.5217965653896961,3.8897095027080253
105,CLE,1629076,Cook,0.0954074407154768,1,1629076,13,67,1.9,0.05021444248182989,0.1423991652469803,0.5263157894736842,1.4925373134328357
106,CLE,1629636,Garland,181.41255554115614,151,1629636,59,3523,285.8,0.6347535183385449,5.149377108746981,0.5283414975507348,4.286119784274766
107,CLE,1629645,Porter Jr.,102.24095440945979,93,1629645,50,1597,90.4,1.1309840089542011,6.402063519690657,1.0287610619469025,5.823418910457107
108,CLE,1629731,Wade,2.9720576910794785,3,1629731,12,92,2.5,1.1888230764317913,3.2304974903037813,1.2,3.260869565217391
109,DAL,200826,Barea,45.47610407069202,38,200826,29,1125,94.1,0.48327421966729034,4.04232036183929,0.4038257173219979,3.3777777777777773
110,DAL,201584,Lee,16.003331415280165,11,201584,23,320,13.8,1.1596616967594322,5.001041067275051,0.7971014492753623,3.4375000000000004
111,DAL,203077,Kidd-Gilchrist,8.996021024364781,9,203077,24,356,10.9,0.8253230297582368,2.5269721978552755,0.8256880733944953,2.528089887640449
112,DAL,203501,Hardaway Jr.,95.0615412174103,69,203501,69,2784,124.5,0.7635465158024923,3.414566854073646,0.5542168674698795,2.478448275862069
113,DAL,203504,Burke,11.955305022466316,9,203504,33,1027,77.2,0.1548614640215844,1.1640998074456004,0.11658031088082901,0.8763388510223954
114,DAL,203552,Curry,67.36819155987753,62,203552,62,1945,102.5,0.6572506493646588,3.4636602344410043,0.6048780487804878,3.1876606683804627
115,DAL,203939,Powell,46.757495004639125,36,203939,39,1510,37.4,1.2502004011935595,3.096522847989346,0.9625668449197862,2.384105960264901
116,DAL,204001,Porziņģis,119.83918622425483,92,204001,55,3299,87.0,1.3774619106236188,3.6325912768795035,1.0574712643678161,2.7887238557138527
117,DAL,1626153,Wright,79.29934806222101,73,1626153,72,3076,205.8,0.3853223909728912,2.5780022126859885,0.35471331389698735,2.3732119635890765
118,DAL,1626161,Cauley-Stein,6.788783403780617,5,1626161,53,1702,47.6,0.14262150007942473,0.3988709402926332,0.10504201680672269,0.2937720329024677
119,DAL,1626246,Marjanović,32.20997529720628,30,1626246,44,760,20.2,1.5945532325349643,4.2381546443692475,1.4851485148514851,3.9473684210526314
120,DAL,1627827,Finney-Smith,81.9310620669103,69,1627827,69,2584,78.4,1.0450390569758967,3.170706736335538,0.8801020408163265,2.6702786377708976
121,DAL,1628382,Jackson,19.340891627840957,14,1628382,64,1395,41.2,0.4694391171806057,1.3864438442896743,0.3398058252427184,1.003584229390681
122,DAL,1628467,Kleber,73.4252151749211,58,1628467,72,2628,52.4,1.4012445644068914,2.793957959471884,1.1068702290076335,2.207001522070015
123,DAL,1628499,Cleveland,4.448332385659937,2,1628499,11,47,1.9,2.341227571399967,9.464536990765822,1.0526315789473684,4.25531914893617
124,DAL,1628973,Brunson,74.81653271283363,66,1628973,56,2107,157.7,0.47442316241492477,3.550855847785175,0.4185161699429296,3.1324157570004743
125,DAL,1629029,Dončić,316.90929207828384,260,1629029,59,5655,524.0,0.6047887253402363,5.604054678661076,0.4961832061068702,4.597701149425287
126,DAL,1629151,Broekhoff,7.261462002859826,6,1629151,16,238,5.5,1.3202658187017866,3.05103445498312,1.0909090909090908,2.5210084033613445
127,DEN,200794,Millsap,72.01826823538862,70,200794,51,1692,63.1,1.1413354712422918,4.25639883187876,1.109350237717908,4.137115839243498
128,DEN,203115,Barton,106.4258601654982,88,203115,58,3235,192.1,0.5540128066918177,3.2898256619937616,0.45809474232170744,2.7202472952086554
129,DEN,203486,Plumlee,87.24261633560764,82,203486,61,2015,68.3,1.2773443094525276,4.329658378938344,1.2005856515373354,4.069478908188586
130,DEN,203584,Daniels,4.224367594112597,3,203584,47,464,14.0,0.3017405424366141,0.9104240504553012,0.21428571428571427,0.646551724137931
131,DEN,203914,Harris,65.89213529513144,60,203914,56,1771,73.4,0.8977130149200467,3.720617464434299,0.8174386920980926,3.387916431394692
132,DEN,203924,Grant,72.30369469213088,63,203924,71,2597,75.8,0.953874600160038,2.784123784833688,0.8311345646437995,2.4258760107816713
133,DEN,203943,Vonleh,3.1454437080318502,2,203943,36,751,22.6,0.13917892513415267,0.4188340490055726,0.08849557522123894,0.2663115845539281
134,DEN,203999,Jokić,225.7821569163106,226,203999,73,7094,284.9,0.7924961632724136,3.1827200016395634,0.7932607932607934,3.1857908091344798
135,DEN,1627736,Beasley,44.80821133261945,36,1627736,55,1593,65.1,0.6882981771523725,2.812819292694253,0.5529953917050692,2.2598870056497176
136,DEN,1627750,Murray,154.67532906713225,127,1627750,59,4469,346.7,0.4461359361613275,3.461072478566397,0.3663109316411884,2.8417990601924368
137,DEN,1627823,Hernangomez,20.94976306047841,18,1627823,48,1128,28.8,0.7274223284888337,1.857248498269363,0.625,1.5957446808510638
138,DEN,1628408,Dozier,24.286589449470057,27,1628408,29,769,54.9,0.44237867849672236,3.1582040896580046,0.4918032786885246,3.5110533159947983
139,DEN,1628420,Morris,73.90309795113095,53,1628420,73,3370,272.0,0.2717025659968049,2.1929702656121943,0.1948529411764706,1.5727002967359052
140,DEN,1628427,Čančar,6.329241260258461,3,1628427,14,59,1.5,4.21949417350564,10.727527559760103,2.0,5.084745762711865
141,DEN,1628470,Craig,23.367889016279097,25,1628470,58,1083,33.5,0.6975489258590776,2.1576998168309416,0.746268656716418,2.308402585410896
142,DEN,1628966,Bates-Diop,6.093640712738934,3,1628966,44,881,27.1,0.22485759087597543,0.6916731796525464,0.11070110701107011,0.340522133938706
143,DEN,1629008,Porter Jr.,57.0442415377627,49,1629008,55,1266,44.5,1.2818930682643304,4.505864260486785,1.101123595505618,3.8704581358609795
144,DEN,1629020,Vanderbilt,8.564889828281872,7,1629020,11,55,1.4,6.117778448772766,15.572526960512494,5.0,12.727272727272727
145,DEN,1629076,Cook,1.2569945569336947,2,1629076,13,67,1.9,0.6615760825966814,1.8761112790055143,1.0526315789473684,2.9850746268656714
146,DEN,1629626,Bol,13.821364539014361,10,1629626,7,99,3.2,4.319176418441987,13.960974281832689,3.125,10.1010101010101
147,DET,201565,Rose,158.33206145498386,126,201565,49,3164,308.6,0.5130656560433695,5.004173876579768,0.40829552819183407,3.982300884955752
148,DET,201933,Griffin,45.20051438564399,40,201933,17,1059,48.4,0.933894925323223,4.268226098738809,0.8264462809917356,3.777148253068933
149,DET,202688,Knight,25.280744773529417,22,202688,25,890,70.0,0.36115349676470593,2.8405331206212825,0.3142857142857143,2.4719101123595504
150,DET,202693,Morris,77.19300527624242,70,202693,57,1762,46.4,1.6636423550914314,4.380987813634643,1.5086206896551724,3.9727582292849033
151,DET,202704,Jackson,24.43233328406287,23,202704,31,1643,135.9,0.17978170186948395,1.4870561950129564,0.1692420897718911,1.399878271454656
152,DET,203083,Drummond,202.0961266535593,174,203083,56,3579,139.2,1.451839990327294,5.646720498842115,1.25,4.861693210393965
153,DET,203089,Henson,14.444717417241247,15,203089,40,931,24.8,0.5824482829532761,1.5515271124856334,0.6048387096774194,1.611170784103115
154,DET,203503,Snell,37.223947183365475,31,203503,58,2056,69.0,0.5394774954110938,1.8105032676734178,0.4492753623188406,1.5077821011673151
155,DET,203895,McRae,3.5240332830932504,5,203895,37,1358,74.7,0.04717581369602745,0.25950171451349413,0.06693440428380187,0.3681885125184094
156,DET,204025,Frazier,44.297257719735136,36,204025,26,907,84.9,0.5217580414574221,4.883931391371018,0.4240282685512367,3.9691289966923926
157,DET,204038,Galloway,41.781796865501946,40,204038,65,1770,59.1,0.7069677980626387,2.3605534952260987,0.676818950930626,2.2598870056497176
158,DET,1626174,Wood,97.91091850795651,84,1626174,61,2303,73.0,1.3412454590131029,4.2514510858860834,1.1506849315068493,3.64741641337386
159,DET,1627748,Maker,47.23400070781883,45,1627748,59,1248,34.0,1.3892353149358478,3.7847756977418934,1.3235294117647058,3.6057692307692304
160,DET,1628379,Kennard,45.26720285276958,43,1628379,27,1379,74.0,0.6117189574698592,3.2826107942545013,0.581081081081081,3.118201595358956
161,DET,1628476,Walton Jr.,1.1422117098149331,1,1628476,26,410,26.5,0.04310232867226163,0.27858822190608123,0.03773584905660377,0.24390243902439024
162,DET,1628971,Brown,115.19985510596679,100,1628971,57,3189,240.7,0.4786034694888525,3.612413142237905,0.41545492314083926,3.135779241141424
163,DET,1629004,Mykhailiuk,64.83280101128153,61,1629004,55,1620,66.1,0.9808290621979052,4.00202475378281,0.9228441754916794,3.7654320987654324
164,DET,1629017,Thomas,5.200083987681012,3,1629017,8,104,6.9,0.7536353605334799,5.000080757385588,0.43478260869565216,2.8846153846153846
165,DET,1629635,Doumbouya,35.93176699630729,35,1629635,38,1021,32.5,1.1055928306556089,3.519271987885141,1.0769230769230769,3.4280117531831538
166,DET,1629648,Bone,2.3008955687469763,2,1629648,10,88,4.8,0.4793532434889534,2.614654055394291,0.4166666666666667,2.272727272727273
167,DET,1629663,King,2.2794234196298664,2,1629663,10,78,3.0,0.7598078065432888,2.9223377174741874,0.6666666666666666,2.564102564102564
168,DET,1629743,Hall,3.2530345307409774,2,1629743,9,179,5.2,0.6255835636040341,1.8173377266709372,0.3846153846153846,1.1173184357541899
169,GSW,201939,Curry,17.722502894628978,16,201939,5,379,22.4,0.7911831649387937,4.67612213578601,0.7142857142857143,4.221635883905013
170,GSW,202692,Burks,90.40449206138175,76,202692,66,3420,202.5,0.44644193610558885,2.643406200625197,0.37530864197530867,2.2222222222222223
171,GSW,202951,Pargo,5.13876563009517,4,202951,3,97,8.3,0.6191283891680928,5.297696525871309,0.48192771084337344,4.123711340206185
172,GSW,203110,Green,108.81539060922252,98,203110,43,3019,132.7,0.8200104793460627,3.604352123525092,0.7385079125847778,3.2461079827757535
173,GSW,203922,Robinson III,64.96983471720056,50,203922,62,2436,77.2,0.8415781699119242,2.667070390689678,0.6476683937823834,2.052545155993432
174,GSW,203952,Wiggins,40.22433647384976,25,203952,54,3546,218.7,0.18392472095953252,1.1343580505879798,0.11431184270690443,0.7050197405527355
175,GSW,1626156,Russell,113.74045992110631,101,1626156,45,3739,267.8,0.4247216576590975,3.0420021374995003,0.3771471247199402,2.7012570205937414
176,GSW,1626161,Cauley-Stein,39.14951190403158,35,1626161,53,1702,47.6,0.822468737479655,2.300206339837343,0.7352941176470588,2.056404230317274
177,GSW,1626172,Looney,12.33354916765433,12,1626172,20,420,12.5,0.9866839334123463,2.936559325631983,0.96,2.857142857142857
178,GSW,1627733,Bender,19.12175626238483,16,1627733,15,574,12.9,1.482306687006576,3.3313164220182636,1.2403100775193798,2.7874564459930316
179,GSW,1627737,Chriss,78.99422350112265,78,1627737,59,2484,61.3,1.2886496492842194,3.180121719046806,1.272430668841762,3.140096618357488
180,GSW,1627814,Lee,77.4998019002502,67,1627814,49,2350,91.6,0.8460677063346093,3.2978639106489447,0.7314410480349346,2.851063829787234
181,GSW,1628539,Mulder,4.301824122549495,5,1628539,7,208,6.0,0.7169706870915825,2.0681846743026417,0.8333333333333334,2.403846153846154
182,GSW,1628980,Evans,19.25456294027839,25,1628980,29,847,45.5,0.42317720747864596,2.2732659905877672,0.5494505494505495,2.95159386068477
183,GSW,1629016,Spellman,48.889303911984534,54,1629016,49,1367,39.3,1.2440026440708534,3.576393848718693,1.3740458015267176,3.9502560351133873
184,GSW,1629065,Bowman,83.80544621656931,70,1629065,45,2484,169.2,0.49530405565348296,3.3738102341614056,0.4137115839243499,2.818035426731079
185,GSW,1629308,Toscano-Anderson,20.042643239853064,16,1629308,13,519,19.0,1.0548759599922666,3.861780971069954,0.8421052631578947,3.0828516377649327
186,GSW,1629346,Smailagic,16.215079615249746,11,1629346,14,193,7.3,2.221243782910924,8.401595655569816,1.5068493150684932,5.699481865284974
187,GSW,1629668,Norvell Jr.,2.032770607555293,3,1629668,5,52,1.7,1.1957474162089958,3.90917424529864,1.7647058823529411,5.769230769230769
188,GSW,1629672,Paschall,100.27145919675438,94,1629672,60,2867,114.7,0.8742062702419736,3.4974349214075473,0.8195292066259808,3.278688524590164
189,GSW,1629673,Poole,77.72113822188832,74,1629673,57,2092,105.8,0.7346043310197384,3.7151595708359615,0.6994328922495274,3.5372848948374758
190,HOU,2199,Chandler,10.287197434742625,8,2199,26,253,6.0,1.7145329057904375,4.066085942586018,1.3333333333333333,3.1620553359683794
191,HOU,200757,Sefolosha,14.042143537241472,15,200757,41,524,14.3,0.9819680795273756,2.6797983849697466,1.048951048951049,2.8625954198473282
192,HOU,200782,Tucker,102.04823107902587,72,200782,72,2843,62.2,1.6406468019135991,3.5894558944434003,1.157556270096463,2.53253605346465
193,HOU,201145,Green,22.368300407457344,15,201145,48,1252,40.1,0.5578129777420784,1.7866054638544202,0.37406483790523687,1.1980830670926517
194,HOU,201566,Westbrook,298.59093900821927,255,201566,57,4379,327.8,0.9108936516419135,6.818701507381121,0.7779133618059793,5.823247316738982
195,HOU,201569,Gordon,47.55033326760811,43,201569,36,1271,56.4,0.8430910153831226,3.741174922707168,0.7624113475177305,3.383162863886703
196,HOU,201583,Anderson,2.1475459878379697,1,201583,2,10,0.3,7.158486626126566,21.475459878379695,3.3333333333333335,10.0
197,HOU,201601,Mbah a Moute,2.1401504958071307,1,201601,3,27,1.1,1.9455913598246641,7.926483317804188,0.9090909090909091,3.7037037037037033
198,HOU,201935,Harden,420.6784111857937,308,201935,68,5755,582.4,0.722318700525058,7.309789942411707,0.5288461538461539,5.351867940920938
199,HOU,201960,Carroll,6.718409733456568,7,201960,24,396,15.0,0.44789398223043786,1.6965681145092344,0.4666666666666667,1.7676767676767675
200,HOU,203085,Rivers,56.65355790144696,50,203085,68,2159,119.7,0.4732962230697323,2.6240647476353387,0.4177109440267335,2.3158869847151458
201,HOU,203463,McLemore,60.466174671823794,50,203463,71,1864,42.5,1.4227335216899717,3.2438934909776713,1.1764705882352942,2.682403433476395
202,HOU,203496,Covington,31.382075947548252,30,203496,70,3573,93.3,0.3363566553863693,0.8783116693968165,0.3215434083601286,0.8396305625524769
203,HOU,203991,Capela,78.17102305916826,63,203991,39,2129,48.8,1.6018652266223006,3.671724897095738,1.2909836065573772,2.959135744480977
204,HOU,203998,Caboclo,10.82733018986771,6,203998,30,382,9.9,1.0936697161482536,2.834379630855422,0.6060606060606061,1.5706806282722512
205,HOU,1626187,Frazier II,7.883903083297935,5,1626187,13,116,4.1,1.922903191048277,6.796468175256841,1.2195121951219514,4.310344827586207
206,HOU,1627863,House Jr.,54.97833151574561,54,1627863,63,2030,54.7,1.005088327527342,2.7082921928938726,0.9872029250457038,2.6600985221674875
207,HOU,1628392,Hartenstein,14.865752935976744,16,1628392,23,455,12.7,1.1705317272422633,3.267198447467416,1.2598425196850394,3.5164835164835164
208,HOU,1629109,Clark,0.09021756466333253,2,1629109,42,773,19.2,0.0046988314928819025,0.01167109504053461,0.10416666666666667,0.258732212160414
209,HOU,1629598,Clemons,22.78359804970738,19,1629598,33,465,29.4,0.7749523146158973,4.899698505313415,0.6462585034013606,4.086021505376344
210,HOU,1629739,Howard,1.9839586941868865,1,1629739,2,19,0.5,3.967917388373773,10.441887864141508,2.0,5.263157894736842
211,IND,203087,Lamb,66.69136297686087,50,203087,46,2020,99.3,0.6716149343087702,3.3015526226168745,0.5035246727089627,2.4752475247524752
212,IND,203200,Holiday,53.48957725182613,44,203200,73,2172,58.5,0.9143517478944637,2.4626877187765253,0.7521367521367521,2.0257826887661143
213,IND,203506,Oladipo,51.35398388930128,47,203506,19,870,55.3,0.9286434699692818,5.9027567688852045,0.8499095840867993,5.402298850574713
214,IND,203926,McDermott,45.69383781856019,42,203926,69,1665,36.9,1.2383153880368616,2.744374643757369,1.1382113821138211,2.5225225225225225
215,IND,203933,Warren,97.24228403661166,84,203933,67,2937,121.6,0.7996898358273986,3.3109391908958687,0.6907894736842105,2.8600612870275794
216,IND,203960,Sampson,17.406410887979796,15,203960,34,535,15.1,1.1527424429125692,3.253534745416784,0.9933774834437087,2.803738317757009
217,IND,204456,McConnell,120.64973685126478,100,204456,71,3245,288.9,0.417617642268137,3.7180196256167886,0.34614053305642095,3.0816640986132513
218,IND,1626167,Turner,94.31272110838957,85,1626167,62,2544,62.0,1.5211729211030576,3.7072610498580807,1.3709677419354838,3.341194968553459
219,IND,1627734,Sabonis,198.9375315049605,170,1627734,62,5456,166.2,1.1969767238565614,3.6462157533900386,1.0228640192539111,3.1158357771260996
220,IND,1627763,Brogdon,163.00054939816746,131,1627763,54,4175,368.4,0.44245534581478685,3.9042047760040113,0.35559174809989147,3.1377245508982035
221,IND,1628388,Leaf,11.422466097666351,8,1628388,28,341,9.1,1.2552160546886102,3.349696802834707,0.8791208791208791,2.346041055718475
222,IND,1628410,Sumner,30.717345994837636,22,1628410,31,543,25.3,1.214124347622041,5.65696979647102,0.8695652173913043,4.051565377532229
223,IND,1628513,Mitrou-Long,2.3888634626191454,3,1628513,5,102,9.0,0.2654292736243495,2.3420230025677897,0.3333333333333333,2.941176470588235
224,IND,1628968,Bowen II,1.7795168103423542,1,1628968,6,29,1.1,1.6177425548566855,6.136264863249497,0.9090909090909091,3.4482758620689653
225,IND,1628988,Holiday,108.47077979239153,88,1628988,66,2732,198.2,0.5472794136851238,3.9703799338357078,0.44399596367305755,3.22108345534407
226,IND,1628993,Johnson,10.259861210236684,7,1628993,17,162,5.0,2.051972242047337,6.333247660639929,1.4,4.320987654320987
227,IND,1629048,Bitadze,34.3940286362933,28,1629048,54,837,18.6,1.8491413245318977,4.109202943404218,1.5053763440860215,3.345280764635603
228,LAC,101150,Williams,198.07304112245365,182,101150,65,4021,323.8,0.6117141480001657,4.9259647133164295,0.5620753551575046,4.526237254414324
229,LAC,201149,Noah,5.670405865926724,6,201149,5,118,4.5,1.260090192428161,4.8054286999379014,1.3333333333333333,5.084745762711865
230,LAC,201976,Beverley,72.27870471664653,66,201976,51,2655,170.4,0.42417080232773785,2.722361759572374,0.3873239436619718,2.4858757062146895
231,LAC,202331,George,143.04285972826247,125,202331,48,2512,151.2,0.9460506595784556,5.694381358609175,0.8267195767195767,4.976114649681529
232,LAC,202335,Patterson,21.52003399179926,21,202335,59,937,21.2,1.015095943009399,2.2966951965634212,0.9905660377358491,2.2411953041622197
233,LAC,202694,Morris Sr.,31.004754941687935,24,202694,62,2633,114.6,0.2705475998402089,1.1775448135848057,0.2094240837696335,0.9115077857956703
234,LAC,202695,Leonard,164.2689955653606,149,202695,57,3660,264.9,0.6201170085517577,4.488223922550836,0.5624764061910156,4.07103825136612
235,LAC,202704,Jackson,33.59004902277731,28,202704,31,1643,135.9,0.24716739531109128,2.0444339027862024,0.20603384841795436,1.704199634814364
236,LAC,203090,Harkless,51.6197232956797,46,203090,62,1498,47.2,1.0936382054169427,3.4459094322883645,0.9745762711864406,3.0707610146862483
237,LAC,203210,Green,58.151111186460085,54,203210,63,1917,41.8,1.3911749087669878,3.033443463039128,1.291866028708134,2.8169014084507045
238,LAC,203585,McGruder,27.461561118476943,24,203585,56,821,28.1,0.977279755105941,3.344891731848593,0.8540925266903914,2.92326431181486
239,LAC,1626149,Harrell,123.44695998286781,108,1626149,63,3139,119.4,1.0338941372099482,3.9326842938154765,0.9045226130653266,3.4405861739407455
240,LAC,1627826,Zubac,69.12793408613088,61,1627826,72,2573,61.5,1.1240314485549736,2.686666695924247,0.991869918699187,2.3707734162456275
241,LAC,1628405,Motley,5.29467121362865,5,1628405,13,79,2.7,1.9609893383809813,6.702115460289431,1.8518518518518516,6.329113924050633
242,LAC,1628476,Walton Jr.,4.187177784356706,4,1628476,26,410,26.5,0.15800670884364929,1.021262874233343,0.1509433962264151,0.975609756097561
243,LAC,1629010,Robinson,25.737168587384293,26,1629010,63,1394,63.3,0.40659034103292724,1.8462818211896908,0.41074249605055296,1.8651362984218076
244,LAC,1629013,Shamet,46.05675350425962,42,1629013,53,1621,63.3,0.7275948420894095,2.841255614081408,0.6635071090047394,2.5909932140653917
245,LAC,1629599,Coffey,11.92895825210919,8,1629599,18,200,12.0,0.9940798543424325,5.964479126054595,0.6666666666666666,4.0
246,LAC,1629611,Mann,22.997231709949094,18,1629611,41,716,54.4,0.4227432299622995,3.2119038701046225,0.33088235294117646,2.5139664804469275
247,LAC,1629662,Kabengele,5.054304406883754,2,1629662,12,105,3.0,1.684768135627918,4.813623244651195,0.6666666666666666,1.9047619047619049
248,LAL,2544,James,305.2097592045364,261,2544,67,6141,496.4,0.6148464125796462,4.970033532071916,0.5257856567284448,4.250122129946263
249,LAL,2730,Howard,97.06172918868717,84,2730,69,2066,48.5,2.001272766777055,4.698050783576339,1.731958762886598,4.065827686350436
250,LAL,2747,Smith,6.50682938437537,4,2747,6,80,3.4,1.9137733483456971,8.133536730469212,1.1764705882352942,5.0
251,LAL,200765,Rondo,107.44001229376498,91,200765,48,2418,194.4,0.5526749603588733,4.443342113058932,0.46810699588477367,3.763440860215054
252,LAL,201162,Dudley,9.241663172986824,8,201162,45,567,12.7,0.7276900136210098,1.6299229581987342,0.6299212598425197,1.4109347442680775
253,LAL,201580,McGee,56.10576773113505,55,201580,68,1536,34.7,1.6168809144419323,3.652719253329105,1.5850144092219018,3.5807291666666665
254,LAL,201980,Green,72.67311586049858,63,201980,68,2558,69.1,1.051709346751065,2.8410131298083887,0.9117221418234444,2.462861610633307
255,LAL,202340,Bradley,59.8319681389199,47,202340,49,1397,49.6,1.2062896802201593,4.2828896305597635,0.9475806451612903,3.3643521832498213
256,LAL,202693,Morris,11.926896298545053,6,202693,57,1762,46.4,0.25704517884795375,0.6768953631410359,0.12931034482758622,0.340522133938706
257,LAL,203076,Davis,196.80546728308724,154,203076,62,3976,155.1,1.2688940508258366,4.949835696254709,0.9929078014184397,3.873239436619718
258,LAL,203079,Waiters,10.746850274492477,13,203079,10,331,24.4,0.44044468338083925,3.2467825602696307,0.5327868852459017,3.927492447129909
259,LAL,203484,Caldwell-Pope,64.74769137155286,62,203484,69,2142,65.0,0.9961183287931209,3.022768037887622,0.9538461538461539,2.8944911297852474
260,LAL,203584,Daniels,8.837244655903842,9,203584,47,464,14.0,0.6312317611359887,1.9045785896344487,0.6428571428571429,1.9396551724137931
261,LAL,1626188,Cook,36.66814710271551,33,1626188,44,833,59.1,0.6204424213657447,4.40193842769694,0.5583756345177665,3.961584633853541
262,LAL,1627936,Caruso,61.829827973400164,53,1627936,64,1994,114.8,0.5385873516846704,3.1007937800100382,0.46167247386759586,2.657973921765296
263,LAL,1628398,Kuzma,116.98523951908744,91,1628398,61,2121,90.5,1.2926545803214082,5.515569991470412,1.0055248618784531,4.29042904290429
264,LAL,1628961,Antetokounmpo,0.1304897916099388,1,1628961,5,22,0.4,0.32622447902484697,0.5931354164088126,2.5,4.545454545454546
265,LAL,1629659,Horton-Tucker,8.92332458202193,6,1629659,6,150,7.0,1.2747606545745616,5.9488830546812865,0.8571428571428571,4.0
266,MEM,201229,Tolliver,6.742079669366035,9,201229,55,1043,24.2,0.2785983334448775,0.6464122405911826,0.37190082644628103,0.862895493767977
267,MEM,202685,Valančiūnas,129.22214212260627,127,202685,70,3872,111.4,1.1599833224650473,3.3373487118441703,1.1400359066427288,3.2799586776859506
268,MEM,203109,Crowder,53.944001735081066,54,203109,64,3066,91.9,0.5869858730694348,1.7594260187567208,0.5875952121871599,1.761252446183953
269,MEM,203476,Dieng,17.547658853951624,16,203476,63,2207,60.7,0.28908828424961486,0.79509102192803,0.26359143327841844,0.724966017217943
270,MEM,203524,Hill,45.399485129013414,40,203524,59,1645,50.2,0.9043722137253668,2.7598471203047668,0.796812749003984,2.43161094224924
271,MEM,203937,Anderson,78.24091183653192,66,203937,67,1993,85.5,0.9150983840530049,3.9257858422745566,0.7719298245614035,3.311590566984446
272,MEM,203998,Caboclo,9.788587236968075,7,203998,30,382,9.9,0.9887461855523307,2.5624573918764595,0.7070707070707071,1.832460732984293
273,MEM,1626145,Jones,81.92455786804464,55,1626145,65,2843,210.9,0.3884521473117337,2.8816235620135298,0.26078710289236606,1.9345761519521634
274,MEM,1628367,Jackson,29.819801809749766,28,1628367,22,545,22.2,1.343234315754494,5.471523267843994,1.2612612612612613,5.137614678899083
275,MEM,1628395,Bell,6.3518583995991955,3,1628395,29,483,13.1,0.484874686992305,1.3150845547824421,0.22900763358778625,0.6211180124223602
276,MEM,1628415,Brooks,139.37676349874909,124,1628415,73,3124,140.0,0.9955483107053507,4.46148410687417,0.8857142857142857,3.969270166453265
277,MEM,1628960,Allen,45.02285548896012,33,1628960,38,955,39.2,1.1485422318612275,4.714435129734044,0.8418367346938775,3.4554973821989527
278,MEM,1628991,Jackson Jr.,121.17156309917681,99,1628991,57,2526,75.1,1.613469548590903,4.796973994425051,1.3182423435419441,3.9192399049881232
279,MEM,1629001,Melton,95.29699413411997,84,1629001,60,2269,123.9,0.7691444240041967,4.199955669198765,0.6779661016949152,3.70207139709123
280,MEM,1629139,Watanabe,2.30743345043275,2,1629139,18,140,5.4,0.42730249082087957,1.648166750309107,0.37037037037037035,1.4285714285714286
281,MEM,1629630,Morant,235.78981753623788,220,1629630,67,5089,455.5,0.517650532461554,4.63332319780385,0.4829857299670692,4.323049715071723
282,MEM,1629634,Clarke,73.8720949488887,55,1629634,58,2266,54.0,1.3680017583127537,3.260021842404621,1.0185185185185186,2.4271844660194173
283,MEM,1629723,Konchar,9.772115882250915,7,1629723,19,269,9.7,1.007434627036177,3.632756833550526,0.7216494845360826,2.6022304832713754
284,MEM,1629741,Guduric,39.59259821233108,36,1629741,44,702,30.1,1.3153687113731256,5.6399712553178185,1.1960132890365447,5.128205128205128
285,MIA,2617,Haslem,1.1762611643521763,1,2617,4,80,2.0,0.5881305821760882,1.4703264554402204,0.5,1.25
286,MIA,2738,Iguodala,24.905250583391545,26,2738,20,615,28.3,0.8800441902258497,4.049634241201877,0.9187279151943463,4.227642276422764
287,MIA,201609,Dragic,175.31016781008208,144,201609,58,3767,314.3,0.557779725771817,4.653840398462492,0.45816099268215077,3.8226705601274222
288,MIA,201949,Johnson,21.420046547659,15,201949,32,1071,47.2,0.45381454550124994,2.000004346186648,0.3177966101694915,1.400560224089636
289,MIA,202710,Butler III,158.16495345503662,127,202710,58,4137,311.1,0.5084055077307509,3.823179923979614,0.4082288653166184,3.0698573845781967
290,MIA,203079,Waiters,4.382455039103949,3,203079,10,331,24.4,0.1796088130780307,1.3240045435359362,0.12295081967213116,0.906344410876133
291,MIA,203086,Leonard,46.036569154066434,39,203086,51,1514,44.2,1.0415513383272947,3.0407245147996322,0.8823529411764706,2.5759577278731833
292,MIA,203109,Crowder,19.42974370034666,15,203109,64,3066,91.9,0.21142267356198757,0.633716363351163,0.16322089227421108,0.4892367906066536
293,MIA,203482,Olynyk,78.46589171574591,71,203482,66,2331,67.5,1.1624576550480876,3.36619012079562,1.0518518518518518,3.045903045903046
294,MIA,203524,Hill,15.825704242049214,11,203524,59,1645,50.2,0.31525307255078117,0.9620488900941773,0.21912350597609562,0.668693009118541
295,MIA,1626159,Winslow,27.89523488533334,24,1626159,11,742,49.3,0.565826265422583,3.7594656179694526,0.48681541582150106,3.234501347708895
296,MIA,1627884,Jones Jr.,40.94599319729088,30,1627884,58,1451,38.9,1.0525962261514366,2.8219154512261118,0.7712082262210798,2.067539627842867
297,MIA,1628389,Adebayo,229.97348634846261,204,1628389,71,4655,211.4,1.0878594434648183,4.9403541643063935,0.9649952696310312,4.382384532760473
298,MIA,1629130,Robinson,85.91998919350702,70,1629130,72,2425,56.4,1.5234040637146635,3.543092337876578,1.2411347517730498,2.88659793814433
299,MIA,1629133,Macon,2.3025716174361666,2,1629133,4,20,1.4,1.6446940124544047,11.512858087180833,1.4285714285714286,10.0
300,MIA,1629134,Nunn,140.6452271115558,114,1629134,66,3358,231.8,0.6067524896960993,4.188362927681829,0.4918032786885246,3.3948779035139967
301,MIA,1629216,Vincent,0.04644898868603575,1,1629216,9,93,6.5,0.007145998259390116,0.04994514912476963,0.15384615384615385,1.0752688172043012
302,MIA,1629639,Herro,95.16669397575639,87,1629639,55,2449,132.8,0.7166166715041896,3.8859409545020984,0.6551204819277108,3.552470396080033
303,MIA,1629644,Okpala,2.0912858087180832,1,1629644,5,19,0.7,2.9875511553115475,11.0067674143057,1.4285714285714286,5.263157894736842
304,MIA,1629734,Alexander,2.1132941313851434,1,1629734,2,7,0.2,10.566470656925716,30.18991616264491,5.0,14.285714285714285
305,MIA,1629735,Silva,40.61911483566049,32,1629735,43,588,16.5,2.461764535494575,6.908012727153144,1.9393939393939394,5.442176870748299
306,MIL,2594,Korver,69.08254373211714,48,2594,57,1078,28.8,2.3986994351429565,6.408399233034985,1.6666666666666665,4.452690166975881
307,MIL,101107,Williams,12.428388581090951,8,101107,57,1360,29.1,0.4270923911027818,0.9138521015508053,0.274914089347079,0.5882352941176471
308,MIL,101141,Ilyasova,33.755010022484775,34,101141,62,1554,35.9,0.940250975556679,2.1721370670839626,0.947075208913649,2.187902187902188
309,MIL,201572,Lopez,88.37160122360834,70,201572,67,2253,55.6,1.5894172881943944,3.9223968585711644,1.2589928057553956,3.1069684864624945
310,MIL,201577,Lopez,74.17379456043818,63,201577,66,1032,28.8,2.5754789777929923,7.187383193840908,2.1875,6.104651162790697
311,MIL,201588,Hill,79.87827756076703,57,201588,58,2585,192.2,0.4155997791923363,3.0900687644397307,0.29656607700312176,2.2050290135396517
312,MIL,202083,Matthews,50.87279621151277,43,202083,66,1501,48.7,1.044615938634759,3.3892602406071135,0.8829568788501027,2.8647568287808127
313,MIL,202339,Bledsoe,187.68843445538707,148,202339,60,3385,253.2,0.7412655389233297,5.544710028224138,0.5845181674565562,4.372230428360414
314,MIL,203114,Middleton,163.99329957102313,137,203114,61,3616,212.1,0.7731885882650784,4.535212930614578,0.645921735030646,3.7887168141592924
315,MIL,203507,Antetokounmpo,264.4429693862981,230,203507,62,5030,280.9,0.9414132053623999,5.257315494757417,0.8187967248131008,4.572564612326044
316,MIL,203648,Antetokounmpo,10.086911214404992,12,203648,19,195,8.3,1.2152905077596374,5.17277498174615,1.4457831325301203,6.153846153846154
317,MIL,1626192,Connaughton,63.50448593289434,52,1626192,66,1867,70.8,0.8969560160013326,3.4014186359343515,0.7344632768361582,2.785216925549009
318,MIL,1627733,Bender,4.823009022594777,5,1627733,15,574,12.9,0.3738766684181997,0.8402454743196475,0.38759689922480617,0.8710801393728222
319,MIL,1628391,Wilson,23.201890498421587,19,1628391,37,644,19.9,1.1659241456493261,3.6027780277052153,0.9547738693467337,2.950310559006211
320,MIL,1628412,Mason III,12.992670063458553,11,1628412,9,278,21.5,0.6043102355097001,4.673622324985091,0.5116279069767442,3.9568345323741005
321,MIL,1628425,Brown,56.9365188564969,42,1628425,52,1142,56.8,1.002403500994664,4.985684663441059,0.7394366197183099,3.677758318739054
322,MIL,1628978,DiVincenzo,99.80040251364129,90,1628978,65,2600,115.0,0.8678295870751417,3.838477019755434,0.782608695652174,3.4615384615384617
323,MIN,201949,Johnson,33.31140476533975,33,201949,32,1071,47.2,0.7057501009605879,3.1103085681923206,0.6991525423728813,3.081232492997199
324,MIN,201952,Teague,88.11249165417533,76,201952,59,3219,263.4,0.33451971015252596,2.73726286592654,0.2885345482156416,2.3609816713264986
325,MIN,203459,Crabbe,5.020042991806994,5,203459,37,706,16.8,0.2988120828456544,0.7110542481313022,0.2976190476190476,0.708215297450425
326,MIN,203476,Dieng,52.05689880633399,44,203476,63,2207,60.7,0.8576095355244479,2.35871766227159,0.7248764415156507,1.9936565473493428
327,MIN,203496,Covington,85.2000796365401,73,203496,70,3573,93.3,0.9131841332962497,2.3845530264914663,0.782422293676313,2.0431010355443604
328,MIN,203894,Napier,69.98302731338251,76,203894,56,3268,243.1,0.28787752905546077,2.141463504081472,0.3126285479226656,2.3255813953488373
329,MIN,203943,Vonleh,17.178140191485763,19,203943,36,751,22.6,0.760094698738308,2.287368867042046,0.8407079646017699,2.5299600532623168
330,MIN,203952,Wiggins,134.71891449923416,107,203952,54,3546,218.7,0.6159986945552546,3.799179765911849,0.489254686785551,3.017484489565708
331,MIN,1626156,Russell,47.41962435254939,46,1626156,45,3739,267.8,0.1770710394045907,1.268243496992495,0.1717699775952203,1.2302754747258626
332,MIN,1626157,Towns,108.42888841745443,110,1626157,35,2431,81.3,1.3336886644213337,4.4602586761601986,1.3530135301353015,4.524886877828054
333,MIN,1626203,Graham,20.86190904147428,19,1626203,55,1203,36.6,0.5699975147943792,1.7341570275539717,0.5191256830601093,1.5793848711554446
334,MIN,1627736,Beasley,20.952576449397874,21,1627736,55,1593,65.1,0.32185217280181067,1.3152904236910152,0.32258064516129037,1.3182674199623352
335,MIN,1627774,Layman,22.582530840736627,24,1627774,23,553,18.6,1.214114561329926,4.083640296697401,1.2903225806451613,4.3399638336347195
336,MIN,1627823,Hernangomez,17.05243933916244,14,1627823,48,1128,28.8,0.5920985881653625,1.511741076166883,0.4861111111111111,1.2411347517730498
337,MIN,1628395,Bell,15.840684215089865,18,1628395,29,483,13.1,1.2092125355030432,3.2796447650289577,1.3740458015267176,3.7267080745341614
338,MIN,1628966,Bates-Diop,16.086476829255716,14,1628966,44,881,27.1,0.5935969309688456,1.825933805817902,0.5166051660516605,1.5891032917139614
339,MIN,1629006,Okogie,99.72548259494391,87,1629006,62,1732,64.4,1.548532338430806,5.7578223207242445,1.3509316770186335,5.023094688221709
340,MIN,1629103,Martin,19.17875599658008,20,1629103,31,585,17.8,1.0774582020550607,3.278419828475227,1.1235955056179774,3.418803418803419
341,MIN,1629162,McLaughlin,40.23084105230004,31,1629162,30,1485,106.5,0.37775437607793466,2.7091475456094303,0.29107981220657275,2.087542087542088
342,MIN,1629633,Culver,90.8170819574533,81,1629633,63,2441,129.4,0.7018321635042758,3.720486765975145,0.6259659969088098,3.318312167144613
343,MIN,1629669,Nowell,2.303375544681293,3,1629669,15,218,8.9,0.25880624097542615,1.0565942865510518,0.33707865168539325,1.3761467889908259
344,MIN,1629675,Reid,21.5391599235888,22,1629675,30,1038,29.0,0.7427296525375449,2.075063576453642,0.7586206896551724,2.119460500963391
345,NOP,200755,Redick,85.94569644057606,75,200755,60,2076,66.4,1.2943628982014466,4.139966109854338,1.1295180722891565,3.6127167630057806
346,NOP,201950,Holiday,227.54479833053404,184,201950,60,4754,287.3,0.7920111323722033,4.786386165976736,0.6404455273233554,3.8704249053428694
347,NOP,202324,Favors,68.52785338079349,55,202324,50,2254,50.5,1.356987195659277,3.040277434817812,1.0891089108910892,2.440106477373558
348,NOP,202734,Moore,39.35804172286998,40,202734,55,1456,65.4,0.6018049193099384,2.70316220624107,0.6116207951070336,2.7472527472527473
349,NOP,1626143,Okafor,48.60474233006689,38,1626143,30,938,31.7,1.5332726287087348,5.181742252672376,1.1987381703470033,4.051172707889126
350,NOP,1627742,Ingram,224.38202573675218,189,1627742,61,3984,228.5,0.9819782307954144,5.632078959255828,0.8271334792122538,4.743975903614458
351,NOP,1627982,Gray,5.2260128109743285,5,1627982,2,45,2.5,2.0904051243897315,11.613361802165175,2.0,11.11111111111111
352,NOP,1628366,Ball,235.134608417055,193,1628366,62,5127,288.7,0.8144600222274161,4.586202621748684,0.6685140284031867,3.7643846303881414
353,NOP,1628402,Jackson,60.28881147745848,49,1628402,58,1267,58.7,1.0270666350503999,4.758390803272177,0.8347529812606473,3.867403314917127
354,NOP,1628404,Hart,90.25543323097185,75,1628404,64,2572,86.9,1.0386125803333928,3.509153702603882,0.863060989643268,2.91601866251944
355,NOP,1628414,Thornwell,3.209331531230606,2,1628414,2,62,2.3,1.395361535317655,5.1763411794042025,0.8695652173913044,3.225806451612903
356,NOP,1629026,Williams,24.503838359625103,22,1629026,39,1171,29.9,0.8195263665426457,2.0925566489859184,0.7357859531772576,1.8787361229718187
357,NOP,1629597,Cheatham,3.443622082463392,4,1629597,4,68,1.6,2.15226380153962,5.064150121269694,2.5,5.88235294117647
358,NOP,1629627,Williamson,65.86111339810375,59,1629627,23,1040,32.3,2.039043758455225,6.332799365202284,1.8266253869969042,5.673076923076923
359,NOP,1629637,Hayes,55.19687951909151,53,1629637,63,1575,36.8,1.499915204323139,3.504563778989937,1.440217391304348,3.3650793650793656
360,NOP,1629638,Alexander-Walker,62.379027467580194,54,1629638,47,1435,90.8,0.6869936945768744,4.346970555232069,0.5947136563876653,3.7630662020905925
361,NOP,1629740,Melli,57.14065149592264,46,1629740,59,1859,52.1,1.0967495488660775,3.073730580738173,0.8829174664107485,2.474448628294782
362,NYK,201959,Gibson,60.9625087482121,47,201959,62,1655,41.6,1.4654449218320216,3.6835352717952934,1.1298076923076923,2.8398791540785497
363,NYK,201961,Ellington,23.55915469167493,18,201961,36,650,19.3,1.2206815902422243,3.6244853371807584,0.9326424870466321,2.769230769230769
364,NYK,202694,Morris Sr.,89.78017344888123,73,202694,62,2633,114.6,0.7834221068837804,3.40980529619754,0.6369982547993019,2.772502848461831
365,NYK,203090,Harkless,9.590626026406536,7,203090,62,1498,47.2,0.2031912293730198,0.6402287067027059,0.1483050847457627,0.46728971962616817
366,NYK,203493,Bullock Jr.,29.71498821401273,19,203493,29,958,29.8,0.9971472555037829,3.1017733000013292,0.6375838926174496,1.9832985386221296
367,NYK,203901,Payton,111.5919980845531,96,203901,45,3376,272.2,0.40996325527021715,3.3054501802296534,0.3526818515797208,2.843601895734597
368,NYK,203944,Randle,213.83543280719337,193,203944,64,4404,202.5,1.0559774459614488,4.855482125503937,0.9530864197530864,4.382379654859219
369,NYK,1626171,Portis,79.24030904067816,73,1626171,66,2682,77.7,1.019823797177325,2.95452308130791,0.9395109395109394,2.721849366144668
370,NYK,1628372,Smith Jr.,58.56001275655483,58,1628372,34,1432,117.6,0.4979592921475751,4.089386365681204,0.4931972789115647,4.050279329608938
371,NYK,1628373,Ntilikina,80.9580756879927,71,1628373,57,2822,206.0,0.3930003674174403,2.868819124308742,0.3446601941747573,2.515946137491141
372,NYK,1628422,Dotson,34.98860323742493,21,1628422,48,1031,40.7,0.8596708412143718,3.3936569580431555,0.5159705159705159,2.0368574199806013
373,NYK,1628443,Allen,10.784500391591834,8,1628443,10,276,22.6,0.47719028281379794,3.9074276781129833,0.35398230088495575,2.898550724637681
374,NYK,1628995,Knox II,58.082054993350305,45,1628995,65,1460,50.2,1.1570130476763008,3.9782229447500206,0.896414342629482,3.0821917808219177
375,NYK,1629011,Robinson,44.60152965649547,37,1629011,61,1763,38.4,1.161498168137903,2.5298655505669583,0.9635416666666667,2.098695405558707
376,NYK,1629019,Trier,18.243795464225034,22,1629019,24,462,30.7,0.5942604385741054,3.948873477104986,0.7166123778501629,4.761904761904762
377,NYK,1629628,Barrett,127.51884928414266,124,1629628,56,2475,139.7,0.9128049340310856,5.152276738753239,0.8876163206871869,5.01010101010101
378,NYK,1629649,Brazdeikis,3.158321533147812,2,1629649,9,45,2.1,1.5039626348322914,7.018492295884027,0.9523809523809523,4.444444444444445
379,OKC,101108,Paul,179.37534455358096,161,101108,70,5007,431.3,0.4158946082856039,3.5824914031072694,0.3732900533271505,3.215498302376673
380,OKC,201568,Gallinari,81.90972213067093,76,201568,62,3231,127.7,0.6414230393944473,2.535119843103402,0.5951448707909162,2.352212937171154
381,OKC,203457,Noel,77.97491279506663,66,203457,61,2088,53.3,1.4629439548792988,3.7344306894189003,1.2382739212007505,3.1609195402298855
382,OKC,203460,Roberson,1.196380670285462,2,203460,7,111,3.3,0.36253959705620065,1.0778204236805966,0.6060606060606061,1.8018018018018018
383,OKC,203471,Schröder,203.6330489360681,166,203471,65,4640,322.5,0.6314203067785057,4.3886432960359505,0.5147286821705427,3.577586206896552
384,OKC,203488,Muscala,18.124392402969555,17,203488,47,1127,22.0,0.823836018316798,1.6081980836707679,0.7727272727272727,1.5084294587400178
385,OKC,203500,Adams,115.04798661345741,94,203500,63,3445,104.6,1.0998851492682353,3.339564197778154,0.8986615678776291,2.7285921625544267
386,OKC,1627846,Nader,42.154507769051946,43,1627846,55,859,29.3,1.4387204016741277,4.9073932210770606,1.4675767918088738,5.005820721769499
387,OKC,1628383,Patton,3.218372126679255,2,1628383,5,52,1.3,2.47567086667635,6.189177166690875,1.5384615384615383,3.8461538461538463
388,OKC,1628390,Ferguson,40.27552863334486,31,1628390,56,804,17.3,2.3280652389216683,5.009394108624983,1.791907514450867,3.8557213930348255
389,OKC,1628977,Diallo,57.45196991203187,51,1628977,46,1056,43.4,1.323778108572163,5.440527453790897,1.175115207373272,4.829545454545454
390,OKC,1628983,Gilgeous-Alexander,138.92999061130342,134,1628983,70,4201,281.6,0.49335934165945816,3.307069521811555,0.4758522727272727,3.1897167341109265
391,OKC,1628985,Hall,6.455387965711282,5,1628985,11,161,12.7,0.5082982650166363,4.009557742677814,0.3937007874015748,3.1055900621118013
392,OKC,1629126,Burton,28.488657463749632,19,1629126,39,402,14.7,1.9380039090986145,7.08673071237553,1.2925170068027212,4.72636815920398
393,OKC,1629647,Bazley,44.50644098400589,45,1629647,61,1398,46.9,0.9489646265246459,3.1835794695283184,0.9594882729211087,3.2188841201716736
394,OKC,1629652,Dort,24.445656329380313,22,1629652,36,676,22.3,1.0962177726179512,3.6162213505000462,0.9865470852017937,3.2544378698224854
395,OKC,1629676,Roby,0.10584806904380151,1,1629676,3,5,0.3,0.3528268968126717,2.11696138087603,3.3333333333333335,20.0
396,ORL,201571,Augustin,100.27187657144323,86,201571,57,3116,327.8,0.30589346116974747,3.2179677975431074,0.26235509456985967,2.7599486521181
397,ORL,202329,Aminu,19.354811187416153,17,202329,18,653,20.7,0.9350150332085099,2.9639833365108963,0.821256038647343,2.6033690658499236
398,ORL,202696,Vučević,98.83412845009262,88,202696,62,4215,114.1,0.866206209027981,2.3448191803106195,0.7712532865907099,2.0877817319098457
399,ORL,203082,Ross,66.17072344012588,70,203082,69,2023,76.6,0.8638475644925051,3.2709205852756247,0.9138381201044387,3.4602076124567476
400,ORL,203095,Fournier,129.33235891659874,125,203095,66,2910,150.4,0.8599225991795129,4.44441095933329,0.8311170212765957,4.29553264604811
401,ORL,203487,Carter-Williams,48.09786306768309,52,203487,45,1340,95.6,0.5031157224653043,3.5893927662450067,0.5439330543933055,3.880597014925373
402,ORL,203516,Ennis III,31.92228251078836,27,203516,69,1326,42.4,0.7528840214808575,2.407411954056437,0.6367924528301887,2.0361990950226243
403,ORL,203705,Magette,4.752341291147579,5,203705,8,80,7.8,0.6092745245061,5.940426613934474,0.6410256410256411,6.25
404,ORL,203920,Birch,34.905245110330384,31,203920,48,1209,27.0,1.2927868559381623,2.887117048000859,1.1481481481481481,2.564102564102564
405,ORL,203932,Gordon,108.38361034288067,100,203932,62,3286,158.0,0.6859722173600042,3.298344806539278,0.6329113924050633,3.0432136335970785
406,ORL,1628365,Fultz,166.91363951383624,147,1628365,72,4337,404.2,0.41294814328014906,3.8485967146376816,0.363681345868382,3.3894397048651137
407,ORL,1628371,Isaac,49.096503484200625,49,1628371,34,1809,47.9,1.0249791959123304,2.714013459602025,1.022964509394572,2.7086788280818133
408,ORL,1628411,Iwundu,28.919702268974213,26,1628411,52,987,46.4,0.6232694454520304,2.9300610201594948,0.560344827586207,2.634245187436677
409,ORL,1628518,Jefferson,4.337325818381172,3,1628518,18,112,3.5,1.2392359481089061,3.872612337840332,0.8571428571428571,2.6785714285714284
410,ORL,1628964,Bamba,47.3714368357111,42,1628964,62,1228,31.1,1.5231973259071092,3.8576088628429233,1.35048231511254,3.420195439739414
411,ORL,1628982,Frazier Jr.,7.374827551204691,5,1628982,19,100,4.3,1.7150761746987653,7.374827551204691,1.1627906976744187,5.0
412,ORL,1629109,Clark,10.657069392593307,8,1629109,42,773,19.2,0.5550556975309014,1.3786635695463527,0.4166666666666667,1.034928848641656
413,ORL,1629168,Johnson,4.165896448936191,6,1629168,10,84,4.4,0.9467946474854979,4.959400534447847,1.3636363636363635,7.142857142857142
414,ORL,1629724,Law,2.2159932137660094,2,1629724,8,101,2.9,0.7641355909537964,2.194052686897039,0.6896551724137931,1.9801980198019802
415,PHI,201143,Horford,98.74446561488665,80,201143,67,3695,111.4,0.8863955620725911,2.6723806661674328,0.718132854578097,2.165087956698241
416,PHI,202692,Burks,21.95578076120797,15,202692,66,3420,202.5,0.1084236086973233,0.6419818936025722,0.07407407407407407,0.43859649122807015
417,PHI,202699,Harris,116.80864380598719,104,202699,72,4367,221.6,0.5271148186190757,2.674802926631261,0.4693140794223827,2.381497595603389
418,PHI,203118,Scott,29.260430536088982,26,203118,68,1767,42.9,0.6820613178575521,1.6559383438646849,0.6060606060606061,1.4714204867006226
419,PHI,203124,O'Quinn,24.82905453162418,20,203124,29,715,21.4,1.1602361930665506,3.4725950393879974,0.9345794392523366,2.797202797202797
420,PHI,203504,Burke,13.977048810114514,12,203504,33,1027,77.2,0.18104985505329682,1.3609589883266322,0.15544041450777202,1.1684518013631937
421,PHI,203516,Ennis III,38.1440532432714,31,203516,69,1326,42.4,0.899623897246967,2.8766254331275567,0.7311320754716981,2.3378582202111615
422,PHI,203526,Neto,66.29947296573374,47,203526,54,1551,132.2,0.5015088726606184,4.274627528416102,0.35552193645990926,3.0303030303030303
423,PHI,203658,Pelle,21.033138938264724,18,203658,24,313,7.7,2.731576485488925,6.719852695931222,2.3376623376623376,5.7507987220447285
424,PHI,203922,Robinson III,5.524587678500449,5,203922,62,2436,77.2,0.07156201656088665,0.22678931356734192,0.06476683937823834,0.20525451559934318
425,PHI,203954,Embiid,181.70022699803994,159,203954,51,3469,129.6,1.4020079243675923,5.237827241223406,1.2268518518518519,4.583453444796771
426,PHI,1626196,Richardson,100.32656258105197,104,1626196,55,2766,164.0,0.6117473328112926,3.627135306617931,0.6341463414634146,3.759942154736081
427,PHI,1627732,Simmons,260.0520332929005,200,1627732,57,5158,400.6,0.6491563487091874,5.041722242979847,0.4992511233150274,3.8774718883288095
428,PHI,1627788,Korkmaz,71.10863499867575,59,1627788,72,1806,62.6,1.1359206868798044,3.937355204799322,0.9424920127795527,3.2668881506090806
429,PHI,1628413,Bolden,1.3088407313260437,2,1628413,7,67,1.6,0.8180254570787773,1.9534936288448415,1.25,2.9850746268656714
430,PHI,1629003,Milton,62.72814352021577,47,1629003,40,1459,110.5,0.5676755069702785,4.299392976025755,0.4253393665158371,3.221384509938314
431,PHI,1629015,Smith,2.348840731326044,2,1629015,7,25,0.7,3.3554867590372064,9.395362925304177,2.857142857142857,8.0
432,PHI,1629621,Shayok,3.5196741289496227,3,1629621,4,36,2.1,1.6760352994998202,9.776872580415619,1.4285714285714286,8.333333333333332
433,PHI,1629680,Thybulle,68.53273019843544,51,1629680,65,1202,28.7,2.387900006914127,5.701558252781651,1.7770034843205575,4.242928452579035
434,PHX,201937,Rubio,186.69372143725744,173,201937,64,4957,434.4,0.42977376021468106,3.766264301740114,0.39825046040515655,3.490014121444422
435,PHX,203382,Baynes,51.055905066894525,50,203382,41,1473,35.5,1.4381945089266064,3.4661171124843535,1.408450704225352,3.3944331296673456
436,PHX,203967,Šarić,87.83056044349522,88,203967,65,2987,74.7,1.175777248239561,2.9404271993135325,1.178045515394913,2.9460997656511547
437,PHX,204020,Johnson,26.85197731670634,24,204020,38,1232,70.3,0.3819626929830205,2.179543613369021,0.34139402560455195,1.948051948051948
438,PHX,1626162,Oubre Jr.,98.39226274702791,83,1626162,55,2501,93.8,1.0489580250216195,3.9341168631358623,0.8848614072494669,3.318672530987605
439,PHX,1626163,Kaminsky,39.635683912273386,37,1626163,38,1535,39.2,1.0111143855171782,2.5821292450992432,0.943877551020408,2.4104234527687294
440,PHX,1626164,Booker,297.16796756033926,264,1626164,70,4212,296.0,1.0039458363524976,7.055269885098273,0.8918918918918919,6.267806267806268
441,PHX,1626166,Payne,14.916184993711992,11,1626166,8,415,28.9,0.5161309686405534,3.5942614442679504,0.3806228373702422,2.6506024096385543
442,PHX,1627767,Diallo,30.80184612581425,32,1627767,47,865,23.8,1.2941952153703467,3.560907066568122,1.3445378151260503,3.6994219653179194
443,PHX,1628969,Bridges,81.50883746885317,73,1628969,72,2711,75.9,1.0738977268623606,3.006596734373042,0.9617918313570487,2.6927333087421617
444,PHX,1628975,Carter,35.46602456998715,32,1628975,58,1351,80.0,0.44332530712483936,2.6251683619531567,0.4,2.3686158401184305
445,PHX,1629028,Ayton,90.1260068659321,80,1629028,38,2290,63.2,1.4260444124356344,3.935633487595288,1.2658227848101264,3.4934497816593884
446,PHX,1629059,Okobo,51.95211581969311,38,1629059,54,1610,126.2,0.4116649431037489,3.2268394919064045,0.3011093502377179,2.360248447204969
447,PHX,1629660,Jerome,17.887834192510123,18,1629660,31,657,48.2,0.3711168919607909,2.7226536061659243,0.37344398340248963,2.73972602739726
448,PHX,1629661,Johnson,32.35148450900602,32,1629661,56,1427,36.0,0.8986523474723894,2.2670977231258598,0.8888888888888888,2.242466713384723
449,PHX,1629665,Lecque,2.287627030012951,2,1629665,5,28,1.2,1.9063558583441258,8.170096535760539,1.6666666666666667,7.142857142857142
450,POR,2546,Anthony,125.15790144313753,100,2546,57,2315,93.4,1.340020358063571,5.4063888312370425,1.070663811563169,4.319654427645788
451,POR,2772,Ariza,31.460177389272246,28,2772,52,1662,57.4,0.5480867140988196,1.8929107935783542,0.4878048780487805,1.684717208182912
452,POR,201229,Tolliver,27.658609088466076,21,201229,55,1043,24.2,1.1429177309283503,2.65183212736971,0.8677685950413223,2.013422818791946
453,POR,202355,Whiteside,137.94744940276635,120,202355,66,3091,87.3,1.5801540595964072,4.462874454958472,1.3745704467353952,3.8822387576835973
454,POR,203081,Lillard,226.5104559012169,194,203081,65,5512,569.0,0.39808515975609293,4.1094059488609735,0.3409490333919156,3.519593613933237
455,POR,203145,Bazemore,62.09079496156839,60,203145,67,2210,93.1,0.6669258320254393,2.8095382335551307,0.644468313641246,2.7149321266968327
456,POR,203468,McCollum,154.43753010835565,127,203468,69,4518,349.3,0.44213435473333995,3.418272025417345,0.36358431148010306,2.8109783089862774
457,POR,203918,Hood,21.601318764669724,19,203918,21,720,32.8,0.6585767916057843,3.0001831617596837,0.5792682926829269,2.638888888888889
458,POR,203994,Nurkić,20.37431425319727,19,203994,8,535,15.1,1.349292334648826,3.8082830379807984,1.2582781456953642,3.551401869158879
459,POR,1626209,Hezonja,52.41906234219308,42,1626209,52,1412,70.7,0.7414294532134806,3.712398182874864,0.594059405940594,2.974504249291785
460,POR,1627746,Labissiere,33.657980792360135,30,1627746,33,738,20.1,1.674526407580106,4.560702004384842,1.4925373134328357,4.0650406504065035
461,POR,1628380,Collins,14.119326394137977,14,1628380,11,345,8.7,1.6229110797859745,4.092558375112457,1.6091954022988506,4.057971014492753
462,POR,1628403,Swanigan,42.815883309051095,31,1628403,26,387,12.0,3.567990275754258,11.063535738772892,2.5833333333333335,8.010335917312661
463,POR,1629014,Simons,63.61699918259854,61,1629014,70,2137,138.2,0.4603256091360242,2.9769302378380225,0.4413892908827786,2.8544688816097334
464,POR,1629018,Trent Jr.,27.234862419348175,21,1629018,60,1149,47.1,0.578234870899112,2.370310045200015,0.445859872611465,1.8276762402088773
465,POR,1629117,Gabriel,11.39487926079724,11,1629117,29,279,7.2,1.5826221195551722,4.084186114981089,1.5277777777777777,3.942652329749104
466,POR,1629642,Little,15.582658243517649,15,1629642,48,709,20.4,0.7638557962508652,2.1978361415398657,0.7352941176470589,2.1156558533145273
467,POR,1629650,Brown,4.4784224742944385,3,1629650,9,48,1.4,3.198873195924599,9.330046821446746,2.142857142857143,6.25
468,POR,1629658,Hoard,2.5166418300989966,4,1629658,13,132,4.7,0.5354557085317013,1.9065468409840882,0.851063829787234,3.0303030303030303
469,SAC,2772,Ariza,24.806188337696966,28,2772,52,1662,57.4,0.43216355989019106,1.4925504414980124,0.4878048780487805,1.684717208182912
470,SAC,201147,Brewer,1.403640916676229,2,201147,5,40,1.1,1.27603719697839,3.5091022916905725,1.8181818181818181,5.0
471,SAC,201229,Tolliver,5.709654931526382,4,201229,55,1043,24.2,0.23593615419530503,0.5474261679315803,0.1652892561983471,0.38350910834132307
472,SAC,202357,Bjelica,123.04560900209049,99,202357,71,3695,116.3,1.0580017970945013,3.330057077187835,0.8512467755803955,2.6792963464140733
473,SAC,202709,Joseph,79.71608841074914,80,202709,71,3325,262.3,0.3039118887180676,2.397476343180425,0.30499428135722456,2.4060150375939853
474,SAC,203084,Barnes,105.36141485168366,88,203084,71,3244,122.6,0.8593916382682192,3.2478857845771785,0.7177814029363785,2.7127003699136867
475,SAC,203145,Bazemore,30.304746388122815,31,203145,67,2210,93.1,0.3255074800013192,1.3712554926752405,0.33297529538131043,1.402714932126697
476,SAC,203458,Len,18.475332849191595,16,203458,54,1686,42.7,0.43267758429020126,1.0958085912925026,0.37470725995316156,0.9489916963226572
477,SAC,203473,Dedmon,52.55920060000176,47,203473,44,1163,30.6,1.7176209346405802,4.519277781599464,1.5359477124183005,4.041272570937231
478,SAC,203953,Parker,6.5138227338437265,4,203953,38,1855,57.2,0.11387801982244276,0.35114947352257286,0.06993006993006992,0.215633423180593
479,SAC,203992,Bogdanović,115.94570142859877,102,203992,60,2906,158.4,0.7319804383118609,3.989872726379861,0.6439393939393939,3.509979353062629
480,SAC,1626158,Holmes,62.750040682236,52,1626158,43,1531,36.2,1.7334265381833147,4.098631004718223,1.43646408839779,3.3964728935336383
481,SAC,1627741,Hield,216.00802625040856,168,1627741,71,3900,212.5,1.016508358825452,5.538667339754066,0.7905882352941176,4.3076923076923075
482,SAC,1627812,Ferrell,30.32562552050991,28,1627812,50,959,85.1,0.35635282632796605,3.1622132972377384,0.3290246768507638,2.9197080291970803
483,SAC,1628368,Fox,190.82388576542533,158,1628368,50,4028,353.2,0.5402714772520536,4.7374350984465075,0.44733861834654587,3.922542204568024
484,SAC,1628385,Giles III,49.91746293295057,44,1628385,45,1023,30.2,1.6528961236076347,4.879517393250301,1.456953642384106,4.301075268817205
485,SAC,1628403,Swanigan,8.728568218967572,6,1628403,26,387,12.0,0.7273806849139643,2.2554439842293466,0.5,1.550387596899225
486,SAC,1628963,Bagley III,21.27081731798425,18,1628963,13,532,16.3,1.3049581176677454,3.998273931951927,1.1042944785276072,3.3834586466165413
487,SAC,1629117,Gabriel,2.728148924292153,5,1629117,29,279,7.2,0.3789095728183546,0.9778311556602699,0.6944444444444444,1.7921146953405016
488,SAC,1629610,Jeffries,3.284347348183486,2,1629610,13,169,4.8,0.6842390308715596,1.9434007977417078,0.4166666666666667,1.183431952662722
489,SAC,1629713,James,6.938874963480231,8,1629713,36,271,10.8,0.6424884225444658,2.5604704662288675,0.7407407407407407,2.952029520295203
490,SAS,200746,Aldridge,96.92641712405248,74,200746,52,2864,91.9,1.0546944191953478,3.3843022738845137,0.8052230685527747,2.583798882681564
491,SAS,200752,Gay,100.18963642320134,88,200752,66,2480,100.2,0.9998965710898337,4.0399046944839245,0.8782435129740519,3.5483870967741935
492,SAS,201158,Belinelli,21.60007755256562,19,201158,56,1002,36.8,0.5869586291458049,2.155696362531499,0.516304347826087,1.8962075848303395
493,SAS,201942,DeRozan,213.8195178323815,164,201942,67,4081,336.4,0.6356109329143327,5.239390292388667,0.4875148632580262,4.018622886547415
494,SAS,201960,Carroll,9.614300122206723,10,201960,24,396,15.0,0.6409533414804482,2.4278535662138188,0.6666666666666666,2.525252525252525
495,SAS,201988,Mills,65.06748249517766,54,201988,65,1866,100.5,0.6474376367679369,3.4870033491520713,0.5373134328358209,2.8938906752411575
496,SAS,1626168,Lyles,46.918089264175535,39,1626168,62,2317,61.0,0.7691490043307465,2.024949903503476,0.639344262295082,1.683211048769961
497,SAS,1627749,Murray,156.32014671979488,125,1627749,65,3668,269.4,0.5802529573860241,4.261727009809021,0.46399406087602085,3.407851690294438
498,SAS,1627751,Poeltl,61.67232191358349,54,1627751,65,2231,55.3,1.1152318610051264,2.764335361433594,0.976491862567812,2.4204392649036306
499,SAS,1627854,Forbes,79.16233991962785,57,1627854,62,1733,62.5,1.2665974387140457,4.567936521617303,0.912,3.2890940565493363
500,SAS,1628401,White,101.72251487769246,89,1628401,67,3321,249.8,0.40721583217651103,3.0630085780696312,0.3562850280224179,2.6799156880457695
501,SAS,1629002,Metu,13.335808824555418,10,1629002,18,187,5.5,2.4246925135555304,7.131448569280972,1.8181818181818181,5.347593582887701
502,SAS,1629022,Walker IV,42.270064870066946,44,1629022,60,1211,58.9,0.7176581471997784,3.4905090726727455,0.7470288624787776,3.633360858794385
503,SAS,1629234,Eubanks,30.91411014726062,21,1629234,22,349,9.3,3.3240978652968405,8.85791121698012,2.258064516129032,6.017191977077363
504,SAS,1629640,Johnson,17.488790536158184,13,1629640,17,352,13.1,1.3350221783326859,4.968406402317666,0.9923664122137404,3.6931818181818183
505,SAS,1629677,Samanic,1.3591366344186593,2,1629677,3,80,2.1,0.6472079211517425,1.698920793023324,0.9523809523809523,2.5
506,SAS,1629683,Weatherspoon,3.8390114675153466,5,1629683,11,120,7.2,0.5331960371549093,3.1991762229294554,0.6944444444444444,4.166666666666666
507,TOR,200768,Lowry,196.95000580310676,178,200768,57,4741,323.0,0.609752339947699,4.154187002807568,0.5510835913312694,3.7544821767559586
508,TOR,201188,Gasol,65.16692787216267,59,201188,43,2264,54.6,1.193533477512137,2.878397874212132,1.0805860805860805,2.6060070671378095
509,TOR,201586,Ibaka,110.81852253985964,109,201586,54,2429,60.7,1.8256758243798952,4.562310520372978,1.7957166392092256,4.487443392342528
510,TOR,1626169,Johnson,19.02538732351752,15,1626169,25,301,19.2,0.9909055897665375,6.320726685553993,0.78125,4.983388704318937
511,TOR,1626178,Hollis-Jefferson,56.10668910109033,59,1626178,59,2031,70.8,0.7924673601848917,2.76251546534172,0.8333333333333334,2.9049729197439684
512,TOR,1626181,Powell,99.07422127662998,77,1626181,51,1860,77.5,1.2783770487307096,5.326571036377956,0.9935483870967742,4.139784946236559
513,TOR,1626259,Miller,4.546512897563206,4,1626259,28,167,5.2,0.8743294033775396,2.722462812912099,0.7692307692307692,2.3952095808383236
514,TOR,1627775,McCaw,38.95837824471817,29,1627775,36,1195,55.6,0.700690256199967,3.260115334286039,0.5215827338129496,2.426778242677824
515,TOR,1627783,Siakam,156.68209698560534,148,1627783,59,3989,236.9,0.6613849598379288,3.9278540232039445,0.6247361756015196,3.710203058410629
516,TOR,1627832,VanVleet,134.22210554641362,121,1627832,54,4169,317.3,0.423013254164556,3.219527597659238,0.3813425780018909,2.9023746701846966
517,TOR,1628384,Anunoby,89.35526731690763,79,1628384,68,2329,75.1,1.1898171413702747,3.836636638768039,1.051930758988016,3.39201373980249
518,TOR,1628449,Boucher,28.73038199969701,28,1628449,62,1237,33.7,0.8525335904954602,2.3225854486416337,0.830860534124629,2.263540824575586
519,TOR,1628778,Watson,4.416592079432048,3,1628778,10,114,4.3,1.0271144370772205,3.8742035784491655,0.6976744186046512,2.631578947368421
520,TOR,1629052,Brissett,9.227764767567159,7,1629052,19,183,5.2,1.774570147609069,5.042494408506644,1.346153846153846,3.825136612021858
521,TOR,1629056,Davis,99.90298639321205,76,1629056,71,1942,104.3,0.9578426308074022,5.14433503569578,0.7286673058485139,3.913491246138002
522,TOR,1629608,Hernandez,1.407090594752525,3,1629608,6,48,1.8,0.7817169970847361,2.9314387390677603,1.6666666666666665,6.25
523,TOR,1629744,Thomas,18.43206426044217,16,1629744,40,524,17.1,1.0778984947627,3.5175695153515596,0.935672514619883,3.0534351145038165
524,UTA,201144,Conley,98.47728543787952,92,201144,47,3065,233.8,0.4212031028138559,3.212962004498516,0.39349871685201027,3.00163132137031
525,UTA,201145,Green,32.33751122877695,27,201145,48,1252,40.1,0.8064217264034151,2.5828683090077433,0.6733167082294265,2.156549520766773
526,UTA,202334,Davis,12.062128745306344,13,202334,28,515,14.2,0.8494456862891792,2.342160921418708,0.9154929577464789,2.524271844660194
527,UTA,202711,Bogdanović,192.29003814474584,159,202711,63,2797,118.4,1.6240712681144074,6.874867291553301,1.3429054054054053,5.684662138005005
528,UTA,203497,Gobert,155.67091337847174,130,203497,68,4146,102.6,1.5172603643125901,3.754725358863283,1.267056530214425,3.135552339604438
529,UTA,203903,Clarkson,60.85706623901627,58,203903,71,2646,153.6,0.39620485832692887,2.2999647104692467,0.3776041666666667,2.1919879062736203
530,UTA,203957,Exum,6.646855894588269,10,203957,35,674,40.5,0.1641198986318091,0.9861803997905443,0.24691358024691357,1.483679525222552
531,UTA,204060,Ingles,170.9904244807998,142,204060,72,3992,230.1,0.74311353533594,4.283327266553101,0.617122990004346,3.5571142284569137
532,UTA,1626144,Mudiay,92.7406235017998,76,1626144,54,1965,147.1,0.6304597110931326,4.719624605689558,0.5166553365057784,3.867684478371501
533,UTA,1626220,O'Neale,71.8058720555142,61,1626220,71,3358,90.7,0.7916854691897927,2.13835235424402,0.6725468577728776,1.816557474687314
534,UTA,1627777,Niang,35.17437219052329,30,1627777,66,1458,41.2,0.8537468978282352,2.4125083806943275,0.7281553398058251,2.05761316872428
535,UTA,1628378,Mitchell,205.5053276490748,184,1628378,69,4700,393.5,0.5222498796672803,4.3724537797675485,0.4675984752223634,3.9148936170212765
536,UTA,1628396,Bradley,36.57005664052242,30,1628396,58,975,20.7,1.7666694029237884,3.7507750400535813,1.4492753623188406,3.076923076923077
537,UTA,1628430,Williams-Goss,5.318404625167573,3,1628430,10,85,6.1,0.8718696106832088,6.256946617844203,0.49180327868852464,3.5294117647058822
538,UTA,1629625,Wright-Foreman,4.405780453461428,3,1629625,4,94,6.4,0.6884031958533482,4.687000482405775,0.46875,3.1914893617021276
539,UTA,1629671,Oni,8.174271590109083,4,1629671,10,143,4.6,1.777015563067192,5.716273839237121,0.8695652173913044,2.797202797202797
540,UTA,1629714,Brantley,5.801269716355289,7,1629714,9,160,7.1,0.8170802417401817,3.625793572722056,0.9859154929577465,4.375
541,UTA,1629730,Tucker,8.367900234403006,8,1629730,20,201,9.2,0.9095543733046746,4.163134444976619,0.8695652173913044,3.9800995024875623
542,UTA,1629742,Kidd,2.3893687121807647,2,1629742,4,18,0.4,5.973421780451911,13.27427062322647,5.0,11.11111111111111
543,UTA,1629752,Morgan,4.605225068069334,6,1629752,21,151,3.2,1.439132833771667,3.0498179258737315,1.875,3.9735099337748347
544,WAS,101133,Mahinmi,51.6221001320923,45,101133,38,1547,40.3,1.280945412707005,3.336916621337576,1.1166253101736974,2.9088558500323205
545,WAS,101139,Miles,2.5048215676969594,4,101139,10,168,4.4,0.5692776290220362,1.4909652188672378,0.9090909090909091,2.380952380952381
546,WAS,202397,Smith,114.37695595128864,95,202397,68,4144,299.8,0.3815108604112363,2.760061678361212,0.31687791861240827,2.2924710424710426
547,WAS,202722,Bertans,61.26987763808967,59,202722,54,2107,57.3,1.0692823322528737,2.907920153682471,1.029668411867365,2.8001898433792123
548,WAS,202738,Thomas,104.23878204991598,77,202738,40,2126,150.5,0.6926164920260198,4.903047133109877,0.5116279069767442,3.6218250235183445
549,WAS,203078,Beal,221.75985882378248,194,203078,57,4504,257.3,0.8618727509668965,4.923620311362844,0.753983676642052,4.30728241563055
550,WAS,203894,Napier,54.955500368434414,52,203894,56,3268,243.1,0.22606129316509427,1.681624858275227,0.21390374331550802,1.591187270501836
551,WAS,203895,McRae,41.33455127618356,38,203895,37,1358,74.7,0.5533407132019218,3.0437813899987893,0.5087014725568942,2.798232695139912
552,WAS,1626170,Grant,4.3040388867006865,3,1626170,6,158,7.8,0.5517998572693188,2.7240752447472696,0.38461538461538464,1.89873417721519
553,WAS,1627780,Payton II,21.67754508317499,20,1627780,29,609,21.5,1.0082579108453484,3.5595312123440053,0.9302325581395349,3.284072249589491
554,WAS,1628394,Pasecniks,32.48208761861613,24,1628394,27,767,18.5,1.7557885199251961,4.234952753404971,1.2972972972972974,3.129074315514994
555,WAS,1628418,Bryant,66.11360390991598,53,1628418,46,2235,59.2,1.1167838498296618,2.958103083217717,0.8952702702702702,2.371364653243848
556,WAS,1628972,Brown Jr.,81.44774529837991,79,1628972,69,2722,130.2,0.6255587196496154,2.992202251961055,0.6067588325652842,2.902277736958119
557,WAS,1629010,Robinson,20.74797417016842,23,1629010,63,1394,63.3,0.32777210379412985,1.4883769132115077,0.36334913112164297,1.6499282639885222
558,WAS,1629021,Wagner,77.750357543785,66,1629021,45,1819,46.5,1.672050699866344,4.274346209114074,1.4193548387096775,3.628367234744365
559,WAS,1629060,Hachimura,58.84922438304187,53,1629060,48,2389,84.2,0.6989219047867206,2.463341330391037,0.6294536817102138,2.218501465048137
560,WAS,1629067,Bonga,59.301843941202144,58,1629067,66,1496,58.0,1.0224455851931404,3.964027001417256,1.0,3.8770053475935833
561,WAS,1629140,Williams,3.2654319640620115,5,1629140,15,205,5.3,0.6161192385022664,1.5928936410058592,0.9433962264150944,2.4390243902439024
562,WAS,1629185,Chiozza,11.79132080263618,9,1629185,28,951,72.2,0.1633146925572878,1.2398865197304079,0.12465373961218836,0.9463722397476341
563,WAS,1629620,Robinson,2.248347174962848,3,1629620,9,66,5.0,0.4496694349925696,3.406586628731588,0.6,4.545454545454546
564,WAS,1629678,Schofield,7.7274014802867015,7,1629678,33,517,12.1,0.6386282215112976,1.4946617950264414,0.578512396694215,1.3539651837524178
565,WAS,1629726,Mathews,8.896424952958425,8,1629726,18,178,4.2,2.1181964173710535,4.997991546605856,1.9047619047619047,4.49438202247191
