,SEASON,PLAYER_ID,PLAYER_NAME,TEAM_ID,TEAM_ABBREVIATION,GP,MIN,TOUCHES,TIME_OF_POSS
0,2015-16,201166,Aaron Brooks,1610612741,CHI,69,1108.0,2401,211.8
1,2015-16,203932,Aaron Gordon,1610612753,ORL,77,1857.0,2962,94.7
2,2015-16,1626151,Aaron Harrison,1610612766,CHA,21,93.0,90,3.9
3,2015-16,203940,Adreian Payne,1610612750,MIN,52,486.0,974,31.0
4,2015-16,201143,Al Horford,1610612737,ATL,82,2631.0,5211,138.9
5,2015-16,2744,Al Jefferson,1610612766,CHA,47,1096.0,1338,48.1
6,2015-16,202329,Al-Farouq Aminu,1610612757,POR,82,2341.0,2991,103.7
7,2015-16,101187,Alan Anderson,1610612764,WAS,13,192.0,207,8.0
8,2015-16,1626210,Alan Williams,1610612756,PHX,10,68.0,117,2.7
9,2015-16,202692,Alec Burks,1610612762,UTA,31,797.0,1499,95.4
10,2015-16,203458,Alex Len,1610612756,PHX,78,1821.0,2978,78.2
11,2015-16,1627293,Alex Stepheson,1610612763,MEM,8,72.0,93,2.7
12,2015-16,201582,Alexis Ajinca,1610612740,NOP,59,861.0,1485,34.7
13,2015-16,203459,Allen Crabbe,1610612757,POR,81,2105.0,2502,69.1
14,2015-16,202087,Alonzo Gee,1610612740,NOP,73,1632.0,1554,48.5
15,2015-16,2405,Amar'e Stoudemire,1610612748,MIA,52,762.0,931,27.8
16,2015-16,101161,Amir Johnson,1610612738,BOS,78,1777.0,3153,71.8
17,2015-16,2760,Anderson Varejao,1610612744,GSW,53,496.0,918,25.5
18,2015-16,203083,Andre Drummond,1610612765,DET,81,2665.0,3126,94.8
19,2015-16,2738,Andre Iguodala,1610612744,GSW,65,1732.0,2698,131.0
20,2015-16,1889,Andre Miller,1610612759,SAS,39,461.0,1072,94.7
21,2015-16,203460,Andre Roberson,1610612760,OKC,70,1553.0,1189,29.2
22,2015-16,200745,Andrea Bargnani,1610612751,BKN,46,634.0,1054,26.7
23,2015-16,101106,Andrew Bogut,1610612744,GSW,70,1451.0,2562,73.0
24,2015-16,202726,Andrew Goudelock,1610612745,HOU,8,50.0,110,7.2
25,2015-16,203094,Andrew Nicholson,1610612753,ORL,55,820.0,1187,38.5
26,2015-16,203952,Andrew Wiggins,1610612750,MIN,81,2845.0,3791,172.9
27,2015-16,203461,Anthony Bennett,1610612761,TOR,19,84.0,174,3.7
28,2015-16,1626148,Anthony Brown,1610612747,LAL,29,599.0,614,20.6
29,2015-16,203076,Anthony Davis,1610612740,NOP,61,2164.0,4164,129.1
30,2015-16,201627,Anthony Morrow,1610612760,OKC,68,926.0,850,23.8
31,2015-16,201229,Anthony Tolliver,1610612765,DET,72,1341.0,2135,47.6
32,2015-16,203462,Archie Goodwin,1610612756,PHX,57,1114.0,2341,169.4
33,2015-16,203382,Aron Baynes,1610612765,DET,81,1233.0,1386,35.4
34,2015-16,201167,Arron Afflalo,1610612752,NYK,71,2371.0,3744,157.5
35,2015-16,203085,Austin Rivers,1610612746,LAC,67,1464.0,2541,181.5
36,2015-16,202340,Avery Bradley,1610612738,BOS,75,2507.0,2893,95.4
37,2015-16,1626253,Axel Toupane,1610612743,DEN,21,305.0,298,8.9
38,2015-16,203463,Ben McLemore,1610612758,SAC,67,1418.0,1638,50.5
39,2015-16,2757,Beno Udrih,1610612763,MEM,44,708.0,1789,141.8
40,2015-16,202687,Bismack Biyombo,1610612761,TOR,81,1787.0,2274,58.9
41,2015-16,201933,Blake Griffin,1610612746,LAC,35,1170.0,2946,115.8
42,2015-16,1626246,Boban Marjanović,1610612759,SAS,54,508.0,725,20.6
43,2015-16,1626171,Bobby Portis,1610612741,CHI,62,1102.0,1990,60.0
44,2015-16,202711,Bojan Bogdanović,1610612751,BKN,79,2115.0,2518,97.9
45,2015-16,2564,Boris Diaw,1610612759,SAS,76,1386.0,2794,96.4
46,2015-16,203078,Bradley Beal,1610612764,WAS,55,1708.0,2822,144.1
47,2015-16,201148,Brandan Wright,1610612763,MEM,12,212.0,283,7.7
48,2015-16,1626183,Branden Dawson,1610612746,LAC,6,29.0,21,0.5
49,2015-16,101138,Brandon Bass,1610612747,LAL,66,1342.0,1704,55.6
50,2015-16,201943,Brandon Jennings,1610612753,ORL,48,867.0,2168,194.7
51,2015-16,202688,Brandon Knight,1610612756,PHX,52,1870.0,4312,313.9
52,2015-16,201575,Brandon Rush,1610612744,GSW,72,1055.0,1335,40.6
53,2015-16,203148,Brian Roberts,1610612757,POR,51,470.0,996,91.1
54,2015-16,1627362,Briante Weber,1610612748,MIA,7,169.0,401,30.6
55,2015-16,201572,Brook Lopez,1610612751,BKN,73,2457.0,3808,127.2
56,2015-16,203998,Bruno Caboclo,1610612761,TOR,6,43.0,60,1.8
57,2015-16,203955,Bryce Cotton,1610612763,MEM,8,39.0,72,4.9
58,2015-16,1626214,Bryce Dejean-Jones,1610612740,NOP,14,279.0,293,12.5
59,2015-16,201228,C.J. Watson,1610612753,ORL,33,656.0,1212,86.0
60,2015-16,203912,C.J. Wilcox,1610612746,LAC,23,167.0,214,8.7
61,2015-16,203468,CJ McCollum,1610612757,POR,80,2780.0,5561,422.1
62,2015-16,101139,CJ Miles,1610612754,IND,64,1464.0,2046,61.1
63,2015-16,203946,Cameron Bairstow,1610612765,DET,18,103.0,199,4.9
64,2015-16,1626166,Cameron Payne,1610612760,OKC,57,698.0,1493,136.2
65,2015-16,201171,Carl Landry,1610612755,PHI,36,569.0,1015,29.4
66,2015-16,2546,Carmelo Anthony,1610612752,NYK,72,2530.0,4811,257.9
67,2015-16,2406,Caron Butler,1610612758,SAC,16,168.0,256,7.3
68,2015-16,202718,Chandler Parsons,1610612742,DAL,61,1799.0,3092,129.4
69,2015-16,101112,Channing Frye,1610612739,CLE,69,1177.0,2053,47.5
70,2015-16,101111,Charlie Villanueva,1610612742,DAL,62,665.0,1155,26.4
71,2015-16,201978,Chase Budinger,1610612756,PHX,66,930.0,1154,38.1
72,2015-16,2365,Chris Andersen,1610612763,MEM,27,403.0,517,13.1
73,2015-16,2547,Chris Bosh,1610612748,MIA,53,1778.0,3406,110.9
74,2015-16,203142,Chris Copeland,1610612749,MIL,24,156.0,181,4.8
75,2015-16,203187,Chris Johnson,1610612762,UTA,70,857.0,1012,33.3
76,2015-16,2549,Chris Kaman,1610612757,POR,16,112.0,182,5.3
77,2015-16,1626191,Chris McCullough,1610612751,BKN,24,362.0,553,13.5
78,2015-16,101108,Chris Paul,1610612746,LAC,74,2420.0,6400,630.8
79,2015-16,1626174,Christian Wood,1610612755,PHI,17,145.0,244,6.4
80,2015-16,101236,Chuck Hayes,1610612746,LAC,2,24.0,33,0.9
81,2015-16,203921,Cleanthony Early,1610612752,NYK,17,154.0,204,7.3
82,2015-16,1626146,Cliff Alexander,1610612757,POR,8,36.0,50,1.3
83,2015-16,203991,Clint Capela,1610612745,HOU,77,1471.0,2171,51.8
84,2015-16,203469,Cody Zeller,1610612766,CHA,73,1774.0,1920,46.7
85,2015-16,202332,Cole Aldrich,1610612746,LAC,60,800.0,1604,39.6
86,2015-16,201147,Corey Brewer,1610612745,HOU,82,1669.0,1951,61.6
87,2015-16,203928,Cory Jefferson,1610612756,PHX,8,50.0,74,2.1
88,2015-16,202709,Cory Joseph,1610612761,TOR,79,2011.0,4546,410.2
89,2015-16,1626262,Coty Clarke,1610612738,BOS,3,6.0,12,0.4
90,2015-16,201584,Courtney Lee,1610612766,CHA,79,2334.0,2893,120.3
91,2015-16,1626245,Cristiano Felicio,1610612741,CHI,31,321.0,619,17.0
92,2015-16,1626156,D'Angelo Russell,1610612747,LAL,80,2259.0,5004,411.6
93,2015-16,201571,D.J. Augustin,1610612743,DEN,62,1178.0,2467,240.1
94,2015-16,2563,Dahntay Jones,1610612739,CLE,1,42.0,64,3.4
95,2015-16,203081,Damian Lillard,1610612757,POR,75,2676.0,6662,654.8
96,2015-16,203996,Damien Inglis,1610612749,MIL,20,156.0,218,7.9
97,2015-16,204014,Damjan Rudez,1610612750,MIN,33,277.0,419,10.4
98,2015-16,201568,Danilo Gallinari,1610612743,DEN,53,1839.0,2838,142.9
99,2015-16,201980,Danny Green,1610612759,SAS,79,2061.0,3348,106.6
100,2015-16,201967,Dante Cunningham,1610612740,NOP,80,1971.0,2171,55.8
101,2015-16,201589,Darrell Arthur,1610612743,DEN,70,1516.0,2340,55.6
102,2015-16,201954,Darren Collison,1610612758,SAC,73,2192.0,4403,328.7
103,2015-16,1626199,Darrun Hilliard,1610612765,DET,38,383.0,443,20.3
104,2015-16,101135,David Lee,1610612742,DAL,54,888.0,1790,49.1
105,2015-16,2561,David West,1610612759,SAS,78,1404.0,2317,61.2
106,2015-16,201599,DeAndre Jordan,1610612746,LAC,77,2598.0,4098,90.0
107,2015-16,201971,DeJuan Blair,1610612764,WAS,29,218.0,327,8.1
108,2015-16,201942,DeMar DeRozan,1610612761,TOR,77,2764.0,4916,317.8
109,2015-16,202326,DeMarcus Cousins,1610612758,SAC,64,2221.0,4565,169.5
110,2015-16,201960,DeMarre Carroll,1610612761,TOR,26,786.0,1159,41.5
111,2015-16,1626153,Delon Wright,1610612761,TOR,27,229.0,513,47.4
112,2015-16,203471,Dennis Schröder,1610612737,ATL,80,1621.0,4365,365.3
113,2015-16,101114,Deron Williams,1610612742,DAL,65,2106.0,5793,426.9
114,2015-16,202324,Derrick Favors,1610612762,UTA,62,1983.0,4155,114.9
115,2015-16,201565,Derrick Rose,1610612741,CHI,66,2097.0,4995,394.2
116,2015-16,202682,Derrick Williams,1610612752,NYK,80,1435.0,2522,104.1
117,2015-16,1626164,Devin Booker,1610612756,PHX,76,2108.0,3299,193.3
118,2015-16,2734,Devin Harris,1610612742,DAL,64,1280.0,2076,87.6
119,2015-16,203906,Devyn Marble,1610612753,ORL,28,249.0,265,9.2
120,2015-16,203473,Dewayne Dedmon,1610612753,ORL,58,705.0,891,22.5
121,2015-16,203079,Dion Waiters,1610612760,OKC,78,2152.0,2335,131.4
122,2015-16,1717,Dirk Nowitzki,1610612742,DAL,75,2364.0,4202,111.2
123,2015-16,202388,Donald Sloan,1610612751,BKN,61,1318.0,3251,274.6
124,2015-16,202700,Donatas Motiejunas,1610612745,HOU,37,547.0,1032,24.7
125,2015-16,203926,Doug McDermott,1610612741,CHI,81,1861.0,1949,47.7
126,2015-16,203110,Draymond Green,1610612744,GSW,81,2808.0,6626,236.2
127,2015-16,2400,Drew Gooden,1610612764,WAS,30,305.0,546,14.1
128,2015-16,1626251,Duje Dukan,1610612758,SAC,1,24.0,33,1.1
129,2015-16,2730,Dwight Howard,1610612745,HOU,71,2280.0,3681,107.1
130,2015-16,203939,Dwight Powell,1610612742,DAL,69,992.0,1846,42.3
131,2015-16,2548,Dwyane Wade,1610612748,MIA,74,2258.0,4350,297.3
132,2015-16,202734,E'Twaun Moore,1610612741,CHI,59,1263.0,1978,125.5
133,2015-16,202334,Ed Davis,1610612757,POR,81,1684.0,2614,70.5
134,2015-16,204002,Edy Tavares,1610612737,ATL,11,73.0,101,2.1
135,2015-16,203901,Elfrid Payton,1610612753,ORL,72,2125.0,5299,430.3
136,2015-16,202407,Elijah Millsap,1610612762,UTA,20,173.0,235,10.0
137,2015-16,202343,Elliot Williams,1610612766,CHA,5,45.0,96,8.2
138,2015-16,1882,Elton Brand,1610612755,PHI,17,225.0,433,10.9
139,2015-16,1626144,Emmanuel Mudiay,1610612743,DEN,68,2068.0,5012,408.5
140,2015-16,202683,Enes Freedom,1610612760,OKC,82,1721.0,3569,93.6
141,2015-16,202339,Eric Bledsoe,1610612756,PHX,31,1059.0,2694,201.8
142,2015-16,201569,Eric Gordon,1610612740,NOP,45,1481.0,1965,81.8
143,2015-16,203961,Eric Moreland,1610612758,SAC,7,43.0,56,1.8
144,2015-16,203475,Erick Green,1610612743,DEN,9,42.0,95,7.0
145,2015-16,101141,Ersan Ilyasova,1610612753,ORL,74,1880.0,3144,75.6
146,2015-16,203095,Evan Fournier,1610612753,ORL,78,2532.0,3757,155.9
147,2015-16,202323,Evan Turner,1610612738,BOS,80,2244.0,4370,291.2
148,2015-16,203105,Festus Ezeli,1610612744,GSW,46,770.0,1173,28.1
149,2015-16,1626163,Frank Kaminsky,1610612766,CHA,81,1708.0,3470,83.9
150,2015-16,202066,Garrett Temple,1610612764,WAS,80,1951.0,2467,97.6
151,2015-16,203914,Gary Harris,1610612743,DEN,76,2439.0,2552,95.7
152,2015-16,202390,Gary Neal,1610612764,WAS,40,807.0,1151,48.0
153,2015-16,201588,George Hill,1610612754,IND,74,2524.0,5294,406.4
154,2015-16,101123,Gerald Green,1610612748,MIA,69,1557.0,1719,57.9
155,2015-16,201945,Gerald Henderson,1610612757,POR,72,1431.0,1790,77.0
156,2015-16,203507,Giannis Antetokounmpo,1610612749,MIL,80,2823.0,5503,311.8
157,2015-16,203922,Glenn Robinson III,1610612754,IND,45,508.0,661,24.7
158,2015-16,201609,Goran Dragic,1610612748,MIA,72,2363.0,5926,484.9
159,2015-16,202330,Gordon Hayward,1610612762,UTA,80,2893.0,5397,299.2
160,2015-16,203476,Gorgui Dieng,1610612750,MIN,82,2220.0,3217,92.6
161,2015-16,202328,Greg Monroe,1610612749,MIL,79,2314.0,3570,121.6
162,2015-16,202962,Greg Smith,1610612750,MIN,18,192.0,221,5.8
163,2015-16,202349,Greivis Vasquez,1610612749,MIL,23,460.0,1100,84.2
164,2015-16,203084,Harrison Barnes,1610612744,GSW,66,2042.0,2799,91.4
165,2015-16,202355,Hassan Whiteside,1610612748,MIA,73,2125.0,2538,70.2
166,2015-16,203156,Henry Sims,1610612751,BKN,14,263.0,318,7.6
167,2015-16,203138,Hollis Thompson,1610612755,PHI,77,2154.0,2506,70.7
168,2015-16,203546,Ian Clark,1610612744,GSW,66,578.0,1166,65.3
169,2015-16,101133,Ian Mahinmi,1610612754,IND,71,1816.0,2922,71.3
170,2015-16,202697,Iman Shumpert,1610612739,CLE,54,1316.0,1504,63.2
171,2015-16,203477,Isaiah Canaan,1610612755,PHI,77,1966.0,3614,189.8
172,2015-16,202738,Isaiah Thomas,1610612738,BOS,81,2610.0,6851,528.2
173,2015-16,202397,Ish Smith,1610612755,PHI,77,2239.0,6323,481.0
174,2015-16,200826,J.J. Barea,1610612742,DAL,74,1667.0,4144,349.5
175,2015-16,201581,JJ Hickson,1610612764,WAS,35,437.0,801,23.0
176,2015-16,1626266,JJ O'Brien,1610612762,UTA,2,6.0,4,0.1
177,2015-16,200755,JJ Redick,1610612746,LAC,75,2097.0,2607,79.8
178,2015-16,2747,JR Smith,1610612739,CLE,77,2362.0,2846,107.8
179,2015-16,203960,JaKarr Sampson,1610612743,DEN,73,1160.0,1322,49.0
180,2015-16,203210,JaMychal Green,1610612763,MEM,78,1446.0,2429,62.1
181,2015-16,201580,JaVale McGee,1610612742,DAL,34,370.0,525,11.8
182,2015-16,203953,Jabari Parker,1610612749,MIL,76,2408.0,3943,122.8
183,2015-16,203109,Jae Crowder,1610612738,BOS,72,2278.0,3506,97.5
184,2015-16,1626143,Jahlil Okafor,1610612755,PHI,53,1591.0,2649,120.3
185,2015-16,2037,Jamal Crawford,1610612746,LAC,79,2126.0,3244,193.5
186,2015-16,2749,Jameer Nelson,1610612743,DEN,39,1036.0,2378,206.0
187,2015-16,202341,James Anderson,1610612758,SAC,50,717.0,774,34.4
188,2015-16,203516,James Ennis III,1610612740,NOP,22,329.0,382,13.1
189,2015-16,201935,James Harden,1610612745,HOU,82,3125.0,6898,541.9
190,2015-16,201949,James Johnson,1610612761,TOR,56,908.0,1067,42.2
191,2015-16,2592,James Jones,1610612739,CLE,48,463.0,728,16.6
192,2015-16,203949,James Michael McAdoo,1610612744,GSW,41,262.0,523,13.2
193,2015-16,203923,James Young,1610612738,BOS,28,196.0,181,5.1
194,2015-16,203099,Jared Cunningham,1610612739,CLE,44,410.0,578,34.1
195,2015-16,201162,Jared Dudley,1610612764,WAS,81,2098.0,3745,88.0
196,2015-16,203096,Jared Sullinger,1610612738,BOS,80,1900.0,3644,106.6
197,2015-16,204067,Jarell Eddie,1610612764,WAS,26,147.0,203,6.2
198,2015-16,1626185,Jarell Martin,1610612763,MEM,27,380.0,581,18.4
199,2015-16,203950,Jarnell Stokes,1610612763,MEM,7,19.0,25,0.9
200,2015-16,101127,Jarrett Jack,1610612751,BKN,32,1027.0,2599,214.6
201,2015-16,201160,Jason Smith,1610612753,ORL,75,1144.0,2102,52.0
202,2015-16,1891,Jason Terry,1610612745,HOU,72,1258.0,2018,95.1
203,2015-16,201574,Jason Thompson,1610612761,TOR,47,471.0,870,22.1
204,2015-16,201965,Jeff Ayres,1610612746,LAC,17,107.0,174,4.7
205,2015-16,201145,Jeff Green,1610612746,LAC,80,2253.0,3414,152.6
206,2015-16,201952,Jeff Teague,1610612737,ATL,79,2255.0,5623,450.5
207,2015-16,203481,Jeff Withey,1610612762,UTA,51,658.0,1150,27.7
208,2015-16,203924,Jerami Grant,1610612755,PHI,77,2066.0,3561,109.5
209,2015-16,202379,Jeremy Evans,1610612742,DAL,30,251.0,251,5.9
210,2015-16,203087,Jeremy Lamb,1610612766,CHA,66,1227.0,1790,88.8
211,2015-16,202391,Jeremy Lin,1610612766,CHA,78,2048.0,3642,265.2
212,2015-16,1626170,Jerian Grant,1610612752,NYK,76,1265.0,2946,208.2
213,2015-16,201573,Jerryd Bayless,1610612749,MIL,52,1505.0,2591,171.1
214,2015-16,202690,Jimmer Fredette,1610612759,SAS,6,18.0,23,1.5
215,2015-16,202710,Jimmy Butler III,1610612741,CHI,67,2474.0,4559,292.6
216,2015-16,201149,Joakim Noah,1610612741,CHI,29,635.0,1537,49.2
217,2015-16,201975,Jodie Meeks,1610612765,DET,3,43.0,45,1.2
218,2015-16,203925,Joe Harris,1610612739,CLE,5,15.0,21,0.8
219,2015-16,204060,Joe Ingles,1610612762,UTA,81,1241.0,2077,79.7
220,2015-16,2207,Joe Johnson,1610612748,MIA,81,2703.0,4095,213.8
221,2015-16,1626202,Joe Young,1610612754,IND,41,384.0,885,83.4
222,2015-16,201202,Joel Anthony,1610612765,DET,19,96.0,54,1.8
223,2015-16,203530,Joffrey Lauvergne,1610612743,DEN,59,1041.0,1820,52.5
224,2015-16,203089,John Henson,1610612749,MIL,57,960.0,1308,33.9
225,2015-16,203098,John Jenkins,1610612756,PHX,43,480.0,639,31.2
226,2015-16,202322,John Wall,1610612764,WAS,77,2784.0,7575,629.9
227,2015-16,203948,Johnny O'Bryant III,1610612749,MIL,66,857.0,1280,31.7
228,2015-16,202720,Jon Leuer,1610612756,PHX,67,1255.0,2398,66.8
229,2015-16,201973,Jonas Jerebko,1610612738,BOS,77,1160.0,2028,50.6
230,2015-16,202685,Jonas Valančiūnas,1610612761,TOR,59,1527.0,2603,76.3
231,2015-16,203613,Jonathon Simmons,1610612759,SAS,55,813.0,1243,61.9
232,2015-16,203919,Jordan Adams,1610612763,MEM,2,15.0,22,0.8
233,2015-16,203903,Jordan Clarkson,1610612747,LAL,79,2552.0,4377,315.5
234,2015-16,200770,Jordan Farmar,1610612763,MEM,12,291.0,704,58.3
235,2015-16,202706,Jordan Hamilton,1610612740,NOP,11,304.0,420,17.6
236,2015-16,201941,Jordan Hill,1610612754,IND,73,1513.0,2850,94.5
237,2015-16,203895,Jordan McRae,1610612739,CLE,22,196.0,399,32.7
238,2015-16,1626175,Jordan Mickey,1610612738,BOS,16,57.0,106,2.6
239,2015-16,203268,Jorge Gutierrez,1610612766,CHA,12,63.0,131,14.5
240,2015-16,101181,Jose Calderon,1610612752,NYK,72,2024.0,4922,330.8
241,2015-16,203962,Josh Huestis,1610612760,OKC,5,55.0,44,0.9
242,2015-16,201177,Josh McRoberts,1610612748,MIA,42,595.0,1217,48.6
243,2015-16,1626196,Josh Richardson,1610612748,MIA,52,1107.0,1843,127.6
244,2015-16,2746,Josh Smith,1610612745,HOU,55,880.0,1725,59.1
245,2015-16,201950,Jrue Holiday,1610612740,NOP,65,1831.0,4368,320.4
246,2015-16,203944,Julius Randle,1610612747,LAL,81,2286.0,4529,190.1
247,2015-16,1626147,Justin Anderson,1610612742,DAL,55,647.0,927,33.3
248,2015-16,202712,Justin Harper,1610612751,BKN,5,35.0,55,1.4
249,2015-16,203200,Justin Holiday,1610612741,CHI,53,773.0,912,34.8
250,2015-16,1626159,Justise Winslow,1610612748,MIA,78,2232.0,3147,115.3
251,2015-16,203994,Jusuf Nurkić,1610612743,DEN,32,547.0,1110,28.8
252,2015-16,203909,KJ McDaniels,1610612745,HOU,37,235.0,265,11.0
253,2015-16,1626157,Karl-Anthony Towns,1610612750,MIN,82,2626.0,4401,135.5
254,2015-16,202695,Kawhi Leonard,1610612759,SAS,72,2380.0,3758,191.2
255,2015-16,203951,Keith Appling,1610612753,ORL,5,27.0,48,4.2
256,2015-16,203482,Kelly Olynyk,1610612738,BOS,68,1370.0,2795,76.8
257,2015-16,1626162,Kelly Oubre Jr.,1610612764,WAS,63,671.0,801,29.6
258,2015-16,202689,Kemba Walker,1610612766,CHA,81,2885.0,7168,656.0
259,2015-16,203088,Kendall Marshall,1610612755,PHI,30,400.0,911,61.4
260,2015-16,2570,Kendrick Perkins,1610612740,NOP,37,542.0,835,23.9
261,2015-16,202702,Kenneth Faried,1610612743,DEN,67,1694.0,2722,75.1
262,2015-16,203145,Kent Bazemore,1610612737,ATL,75,2083.0,3576,134.5
263,2015-16,203484,Kentavious Caldwell-Pope,1610612765,DET,76,2789.0,2956,119.9
264,2015-16,201142,Kevin Durant,1610612760,OKC,72,2578.0,4605,258.2
265,2015-16,708,Kevin Garnett,1610612750,MIN,38,556.0,1143,27.3
266,2015-16,201567,Kevin Love,1610612739,CLE,77,2424.0,4794,140.4
267,2015-16,2755,Kevin Martin,1610612759,SAS,55,1095.0,1426,58.1
268,2015-16,202338,Kevin Seraphin,1610612752,NYK,48,526.0,1052,32.8
269,2015-16,1626172,Kevon Looney,1610612744,GSW,5,21.0,44,1.1
270,2015-16,203114,Khris Middleton,1610612749,MIL,79,2852.0,4540,226.3
271,2015-16,2550,Kirk Hinrich,1610612737,ATL,46,631.0,1127,80.0
272,2015-16,202691,Klay Thompson,1610612744,GSW,80,2666.0,3725,134.9
273,2015-16,977,Kobe Bryant,1610612747,LAL,66,1863.0,3028,182.3
274,2015-16,201585,Kosta Koufos,1610612758,SAC,77,1463.0,1839,40.8
275,2015-16,203123,Kostas Papanikolaou,1610612743,DEN,26,294.0,419,16.6
276,2015-16,2743,Kris Humphries,1610612737,ATL,53,835.0,1599,38.0
277,2015-16,204001,Kristaps Porziņģis,1610612752,NYK,72,2047.0,4128,109.4
278,2015-16,203937,Kyle Anderson,1610612759,SAS,78,1245.0,2117,93.4
279,2015-16,2594,Kyle Korver,1610612737,ATL,80,2401.0,2615,63.5
280,2015-16,200768,Kyle Lowry,1610612761,TOR,76,2804.0,6946,520.4
281,2015-16,203124,Kyle O'Quinn,1610612752,NYK,65,764.0,1785,55.7
282,2015-16,202713,Kyle Singler,1610612760,OKC,68,977.0,914,24.5
283,2015-16,202681,Kyrie Irving,1610612739,CLE,53,1667.0,3929,326.7
284,2015-16,200746,LaMarcus Aldridge,1610612759,SAS,74,2261.0,4126,123.1
285,2015-16,203934,Lamar Patterson,1610612737,ATL,35,395.0,573,21.6
286,2015-16,202362,Lance Stephenson,1610612763,MEM,69,1372.0,1933,121.5
287,2015-16,202498,Lance Thomas,1610612752,NYK,59,1313.0,1910,65.0
288,2015-16,204038,Langston Galloway,1610612752,NYK,82,2033.0,3790,200.5
289,2015-16,1626204,Larry Nance Jr.,1610612747,LAL,63,1266.0,2129,56.7
290,2015-16,202730,Lavoy Allen,1610612754,IND,79,1599.0,2603,65.4
291,2015-16,2544,LeBron James,1610612739,CLE,76,2709.0,5933,406.0
292,2015-16,2571,Leandro Barbosa,1610612744,GSW,68,1079.0,1592,61.6
293,2015-16,203485,Lorenzo Brown,1610612765,DET,8,61.0,168,14.0
294,2015-16,200811,Lou Amundson,1610612752,NYK,29,204.0,331,9.0
295,2015-16,101150,Lou Williams,1610612747,LAL,67,1907.0,2823,173.6
296,2015-16,201601,Luc Mbah a Moute,1610612746,LAC,75,1274.0,1127,28.3
297,2015-16,203512,Lucas Nogueira,1610612761,TOR,29,225.0,258,5.5
298,2015-16,1626242,Luis Montero,1610612757,POR,12,42.0,68,3.1
299,2015-16,2449,Luis Scola,1610612761,TOR,75,1617.0,3039,83.7
300,2015-16,202337,Luke Babbitt,1610612740,NOP,47,845.0,1230,43.5
301,2015-16,2736,Luol Deng,1610612748,MIA,74,2394.0,3979,117.2
302,2015-16,1938,Manu Ginobili,1610612759,SAS,58,1134.0,2279,113.3
303,2015-16,201188,Marc Gasol,1610612763,MEM,52,1791.0,3547,117.7
304,2015-16,1626273,Marcelo Huertas,1610612747,LAL,53,869.0,1933,153.0
305,2015-16,101162,Marcin Gortat,1610612764,WAS,75,2256.0,3439,79.9
306,2015-16,201158,Marco Belinelli,1610612758,SAC,67,1646.0,2195,78.3
307,2015-16,202694,Marcus Morris Sr.,1610612765,DET,80,2856.0,4249,161.3
308,2015-16,203935,Marcus Smart,1610612738,BOS,61,1667.0,2773,147.2
309,2015-16,201977,Marcus Thornton,1610612764,WAS,61,1108.0,1631,72.1
310,2015-16,201596,Mario Chalmers,1610612748,MIA,61,1373.0,3320,293.0
311,2015-16,1626209,Mario Hezonja,1610612753,ORL,78,1399.0,1897,81.6
312,2015-16,203900,Markel Brown,1610612751,BKN,62,982.0,1438,65.3
313,2015-16,202693,Markieff Morris,1610612764,WAS,64,1629.0,3022,85.6
314,2015-16,201578,Marreese Speights,1610612744,GSW,72,832.0,1689,40.9
315,2015-16,101107,Marvin Williams,1610612766,CHA,81,2338.0,4583,96.2
316,2015-16,203486,Mason Plumlee,1610612757,POR,82,2084.0,3423,115.0
317,2015-16,2440,Matt Barnes,1610612763,MEM,76,2190.0,3858,119.0
318,2015-16,2588,Matt Bonner,1610612759,SAS,30,206.0,359,9.0
319,2015-16,203521,Matthew Dellavedova,1610612739,CLE,76,1867.0,4048,301.1
320,2015-16,203090,Maurice Harkless,1610612757,POR,78,1457.0,1857,58.2
321,2015-16,1897,Metta World Peace,1610612747,LAL,35,590.0,709,26.9
322,2015-16,203086,Meyers Leonard,1610612757,POR,61,1333.0,2350,62.0
323,2015-16,201563,Michael Beasley,1610612745,HOU,20,363.0,669,24.6
324,2015-16,203487,Michael Carter-Williams,1610612749,MIL,54,1649.0,3876,322.7
325,2015-16,203077,Michael Kidd-Gilchrist,1610612766,CHA,7,205.0,214,9.1
326,2015-16,201144,Mike Conley,1610612763,MEM,56,1760.0,4487,392.3
327,2015-16,2399,Mike Dunleavy,1610612741,CHI,31,703.0,937,28.5
328,2015-16,2034,Mike Miller,1610612743,DEN,47,373.0,614,18.5
329,2015-16,203488,Mike Muscala,1610612737,ATL,60,565.0,1040,22.5
330,2015-16,203118,Mike Scott,1610612737,ATL,75,1146.0,1813,44.5
331,2015-16,203101,Miles Plumlee,1610612749,MIL,61,870.0,1165,31.7
332,2015-16,203141,Mirza Teletovic,1610612756,PHX,79,1685.0,3404,90.6
333,2015-16,203956,Mitch McGary,1610612760,OKC,20,72.0,130,3.8
334,2015-16,2590,Mo Williams,1610612739,CLE,41,748.0,1734,151.2
335,2015-16,101145,Monta Ellis,1610612754,IND,81,2734.0,5357,359.5
336,2015-16,1626149,Montrezl Harrell,1610612745,HOU,39,379.0,454,11.6
337,2015-16,1626167,Myles Turner,1610612754,IND,60,1367.0,2117,52.5
338,2015-16,101126,Nate Robinson,1610612740,NOP,2,23.0,50,3.8
339,2015-16,1737,Nazr Mohammed,1610612760,OKC,5,19.0,26,0.7
340,2015-16,202357,Nemanja Bjelica,1610612750,MIN,60,1075.0,2239,67.5
341,2015-16,2403,Nene,1610612764,WAS,57,1094.0,1827,57.6
342,2015-16,203457,Nerlens Noel,1610612755,PHI,67,1965.0,3719,106.4
343,2015-16,2555,Nick Collison,1610612760,OKC,59,699.0,906,22.5
344,2015-16,201156,Nick Young,1610612747,LAL,54,1033.0,1150,46.8
345,2015-16,201587,Nicolas Batum,1610612766,CHA,70,2448.0,4608,210.1
346,2015-16,203917,Nik Stauskas,1610612755,PHI,73,1809.0,2718,100.2
347,2015-16,203999,Nikola Jokić,1610612743,DEN,80,1733.0,3446,109.2
348,2015-16,202703,Nikola Mirotic,1610612741,CHI,66,1646.0,3010,89.2
349,2015-16,201593,Nikola Pekovic,1610612750,MIN,12,156.0,151,5.1
350,2015-16,202696,Nikola Vučević,1610612753,ORL,64,1998.0,3808,117.7
351,2015-16,203943,Noah Vonleh,1610612757,POR,78,1174.0,1745,42.0
352,2015-16,1626181,Norman Powell,1610612761,TOR,48,722.0,915,36.8
353,2015-16,202708,Norris Cole,1610612740,NOP,45,1198.0,2566,179.8
354,2015-16,201564,O.J. Mayo,1610612749,MIL,41,1090.0,1745,80.5
355,2015-16,201600,Omer Asik,1610612740,NOP,68,1178.0,1900,40.8
356,2015-16,201956,Omri Casspi,1610612758,SAC,69,1880.0,3232,84.0
357,2015-16,203111,Orlando Johnson,1610612740,NOP,7,102.0,130,5.6
358,2015-16,203490,Otto Porter Jr.,1610612764,WAS,75,2276.0,2801,86.0
359,2015-16,200782,P.J. Tucker,1610612756,PHX,82,2540.0,3451,112.8
360,2015-16,203798,PJ Hairston,1610612763,MEM,66,1313.0,1336,41.1
361,2015-16,203143,Pablo Prigioni,1610612746,LAC,59,823.0,1824,138.2
362,2015-16,1626192,Pat Connaughton,1610612757,POR,34,143.0,214,10.5
363,2015-16,201976,Patrick Beverley,1610612745,HOU,71,2041.0,3975,240.0
364,2015-16,202335,Patrick Patterson,1610612761,TOR,78,1984.0,3328,75.0
365,2015-16,201988,Patty Mills,1610612759,SAS,81,1662.0,3805,242.4
366,2015-16,2200,Pau Gasol,1610612741,CHI,72,2291.0,5456,156.5
367,2015-16,202331,Paul George,1610612754,IND,81,2819.0,5263,270.0
368,2015-16,200794,Paul Millsap,1610612737,ATL,81,2647.0,5297,181.3
369,2015-16,1718,Paul Pierce,1610612746,LAC,68,1231.0,1789,58.0
370,2015-16,203515,Phil Pressey,1610612757,POR,23,283.0,701,58.2
371,2015-16,203112,Quincy Acy,1610612758,SAC,58,869.0,1116,23.3
372,2015-16,1626154,RJ Hunter,1610612738,BOS,35,307.0,337,10.2
373,2015-16,200765,Rajon Rondo,1610612758,SAC,71,2513.0,6693,573.4
374,2015-16,1626176,Rakeem Christmas,1610612754,IND,1,6.0,6,0.1
375,2015-16,201196,Ramon Sessions,1610612764,WAS,82,1667.0,3452,254.9
376,2015-16,200751,Randy Foye,1610612760,OKC,81,1641.0,2536,185.4
377,2015-16,1626173,Rashad Vaughn,1610612749,MIL,70,1001.0,888,26.0
378,2015-16,2446,Rasual Butler,1610612759,SAS,46,431.0,600,18.6
379,2015-16,203526,Raul Neto,1610612762,UTA,81,1499.0,3287,231.0
380,2015-16,203492,Ray McCallum,1610612759,SAS,41,474.0,1065,82.7
381,2015-16,101109,Raymond Felton,1610612742,DAL,80,2192.0,4454,301.6
382,2015-16,203493,Reggie Bullock Jr.,1610612765,DET,37,429.0,599,15.5
383,2015-16,202704,Reggie Jackson,1610612765,DET,79,2424.0,5883,622.7
384,2015-16,2210,Richard Jefferson,1610612739,CLE,74,1326.0,1444,49.2
385,2015-16,1626158,Richaun Holmes,1610612755,PHI,51,702.0,1107,28.6
386,2015-16,201937,Ricky Rubio,1610612750,MIN,76,2323.0,5877,547.3
387,2015-16,203496,Robert Covington,1610612755,PHI,67,1903.0,3406,98.5
388,2015-16,203135,Robert Sacre,1610612747,LAL,25,320.0,404,12.5
389,2015-16,201577,Robin Lopez,1610612752,NYK,82,2219.0,3685,108.7
390,2015-16,203918,Rodney Hood,1610612762,UTA,79,2541.0,4262,245.9
391,2015-16,201155,Rodney Stuckey,1610612754,IND,58,1275.0,2067,121.0
392,2015-16,1626178,Rondae Hollis-Jefferson,1610612751,BKN,29,615.0,847,31.0
393,2015-16,101179,Ronnie Price,1610612756,PHX,62,1211.0,2646,173.4
394,2015-16,201579,Roy Hibbert,1610612747,LAL,81,1878.0,2332,70.4
395,2015-16,200752,Rudy Gay,1610612758,SAC,69,2348.0,3593,143.4
396,2015-16,203497,Rudy Gobert,1610612762,UTA,61,1932.0,3562,95.1
397,2015-16,203893,Russ Smith,1610612763,MEM,15,66.0,150,16.4
398,2015-16,201566,Russell Westbrook,1610612760,OKC,80,2749.0,6927,677.0
399,2015-16,201583,Ryan Anderson,1610612740,NOP,66,2008.0,3071,95.0
400,2015-16,200797,Ryan Hollins,1610612763,MEM,37,460.0,496,12.9
401,2015-16,203527,Ryan Kelly,1610612747,LAL,36,470.0,753,21.7
402,2015-16,1626257,Salah Mejri,1610612742,DAL,34,397.0,529,13.5
403,2015-16,1626155,Sam Dekker,1610612745,HOU,3,6.0,10,0.3
404,2015-16,201619,Sasha Kaun,1610612739,CLE,25,95.0,114,3.0
405,2015-16,2756,Sasha Vujacic,1610612752,NYK,61,908.0,1715,75.6
406,2015-16,203930,Sean Kilpatrick,1610612751,BKN,31,616.0,759,30.6
407,2015-16,201586,Serge Ibaka,1610612760,OKC,78,2500.0,2769,62.9
408,2015-16,203508,Sergey Karasev,1610612751,BKN,40,399.0,486,16.7
409,2015-16,203552,Seth Curry,1610612758,SAC,43,669.0,1013,74.6
410,2015-16,203498,Shabazz Muhammad,1610612750,MIN,82,1682.0,1772,59.3
411,2015-16,203894,Shabazz Napier,1610612753,ORL,55,600.0,1368,108.5
412,2015-16,203499,Shane Larkin,1610612751,BKN,78,1751.0,4306,370.1
413,2015-16,2733,Shaun Livingston,1610612744,GSW,78,1520.0,3195,192.6
414,2015-16,203963,Shayne Whittington,1610612754,IND,7,41.0,64,1.7
415,2015-16,202714,Shelvin Mack,1610612762,UTA,52,1058.0,2724,203.6
416,2015-16,203524,Solomon Hill,1610612754,IND,59,866.0,1302,42.3
417,2015-16,201603,Sonny Weems,1610612756,PHX,43,498.0,708,29.4
418,2015-16,203915,Spencer Dinwiddie,1610612741,CHI,12,159.0,393,41.5
419,2015-16,201150,Spencer Hawes,1610612766,CHA,57,1035.0,1507,41.9
420,2015-16,1626169,Stanley Johnson,1610612765,DET,73,1687.0,2413,101.4
421,2015-16,201939,Stephen Curry,1610612744,GSW,79,2700.0,6761,457.4
422,2015-16,2581,Steve Blake,1610612765,DET,58,986.0,2469,237.8
423,2015-16,200779,Steve Novak,1610612749,MIL,10,44.0,60,1.4
424,2015-16,203500,Steven Adams,1610612760,OKC,80,2014.0,3601,81.9
425,2015-16,204456,T.J. McConnell,1610612755,PHI,81,1606.0,4593,357.9
426,2015-16,203933,T.J. Warren,1610612756,PHX,47,1070.0,1459,48.0
427,2015-16,201959,Taj Gibson,1610612741,CHI,73,1936.0,2628,72.2
428,2015-16,204028,Tarik Black,1610612747,LAL,39,496.0,716,19.6
429,2015-16,2419,Tayshaun Prince,1610612750,MIN,77,1462.0,1480,49.4
430,2015-16,203093,Terrence Jones,1610612745,HOU,50,1044.0,1715,57.3
431,2015-16,203082,Terrence Ross,1610612761,TOR,72,1731.0,1811,65.1
432,2015-16,1626179,Terry Rozier,1610612738,BOS,38,308.0,707,50.4
433,2015-16,200757,Thabo Sefolosha,1610612737,ATL,75,1758.0,2644,93.7
434,2015-16,201152,Thaddeus Young,1610612751,BKN,73,2407.0,4710,152.0
435,2015-16,203648,Thanasis Antetokounmpo,1610612752,NYK,2,6.0,7,0.2
436,2015-16,203080,Thomas Robinson,1610612751,BKN,71,916.0,1677,52.4
437,2015-16,201168,Tiago Splitter,1610612737,ATL,36,579.0,811,21.0
438,2015-16,202353,Tibor Pleiss,1610612762,UTA,12,82.0,143,4.0
439,2015-16,1495,Tim Duncan,1610612759,SAS,61,1536.0,2689,75.9
440,2015-16,204025,Tim Frazier,1610612740,NOP,51,741.0,1792,158.9
441,2015-16,203501,Tim Hardaway Jr.,1610612737,ATL,51,864.0,1059,34.4
442,2015-16,202389,Timofey Mozgov,1610612739,CLE,76,1326.0,1781,43.5
443,2015-16,202699,Tobias Harris,1610612765,DET,75,2469.0,4195,150.2
444,2015-16,201962,Toney Douglas,1610612740,NOP,61,1262.0,2532,187.1
445,2015-16,2754,Tony Allen,1610612763,MEM,64,1620.0,1957,79.0
446,2015-16,2225,Tony Parker,1610612759,SAS,72,1980.0,4874,445.1
447,2015-16,203503,Tony Snell,1610612741,CHI,64,1301.0,1300,55.8
448,2015-16,203100,Tony Wroten,1610612752,NYK,8,144.0,401,30.0
449,2015-16,2772,Trevor Ariza,1610612745,HOU,81,2859.0,4139,135.8
450,2015-16,202344,Trevor Booker,1610612762,UTA,79,1632.0,3386,89.6
451,2015-16,203504,Trey Burke,1610612762,UTA,64,1366.0,3212,248.3
452,2015-16,1626168,Trey Lyles,1610612762,UTA,80,1382.0,2752,77.0
453,2015-16,202684,Tristan Thompson,1610612739,CLE,82,2269.0,2924,72.1
454,2015-16,203584,Troy Daniels,1610612766,CHA,43,476.0,601,18.6
455,2015-16,201951,Ty Lawson,1610612754,IND,66,1411.0,2852,225.5
456,2015-16,203898,Tyler Ennis,1610612749,MIL,46,654.0,1442,121.4
457,2015-16,201946,Tyler Hansbrough,1610612766,CHA,44,343.0,293,8.6
458,2015-16,204020,Tyler Johnson,1610612748,MIA,36,863.0,1683,111.5
459,2015-16,203092,Tyler Zeller,1610612738,BOS,59,698.0,1192,29.8
460,2015-16,201936,Tyreke Evans,1610612740,NOP,25,765.0,2032,159.9
461,2015-16,2199,Tyson Chandler,1610612756,PHX,66,1618.0,2603,67.0
462,2015-16,1626145,Tyus Jones,1610612750,MIN,37,573.0,1316,119.3
463,2015-16,2617,Udonis Haslem,1610612748,MIA,37,260.0,407,12.8
464,2015-16,203506,Victor Oladipo,1610612753,ORL,71,2334.0,4206,258.2
465,2015-16,1713,Vince Carter,1610612763,MEM,60,1005.0,1581,55.6
466,2015-16,201961,Wayne Ellington,1610612751,BKN,76,1615.0,1854,74.4
467,2015-16,202325,Wesley Johnson,1610612746,LAC,80,1666.0,1997,44.6
468,2015-16,202083,Wesley Matthews,1610612742,DAL,78,2644.0,3781,129.2
469,2015-16,203115,Will Barton,1610612743,DEN,82,2353.0,3844,208.2
470,2015-16,1626161,Willie Cauley-Stein,1610612758,SAC,65,1394.0,1519,34.9
471,2015-16,203186,Willie Reed,1610612751,BKN,39,426.0,512,12.1
472,2015-16,204098,Xavier Munford,1610612763,MEM,14,244.0,487,37.1
473,2015-16,203897,Zach LaVine,1610612750,MIN,82,2293.0,4188,305.5
474,2015-16,2216,Zach Randolph,1610612763,MEM,68,2016.0,3353,123.3
475,2015-16,2585,Zaza Pachulia,1610612742,DAL,76,2004.0,3069,82.0
